function,container_name,schedule_time(ms),cold_start(ms),exec_time(ms),queue_time(ms),used_memory(MB),input_n
azure_func_00000413_cpu_native,busy_margulis,1084.7222805023193,846.031904220581,21.877527236938477,0,None,23
azure_func_00000410_cpu_native,epic_lichterman,3690.5314922332764,672.0998287200928,57.20019340515137,13,None,24
azure_func_00000410_cpu_native,wizardly_bose,3676.8858432769775,755.0601959228516,13.494491577148438,0,None,21
azure_func_00000410_cpu_native,inspiring_murdock,3660.299301147461,910.9017848968506,80.71589469909668,0,None,25
azure_func_00000410_cpu_native,silly_engelbart,3658.903121948242,1038.6581420898438,47.538042068481445,0,None,24
azure_func_00000410_cpu_native,silly_engelbart,49.997568130493164,0,141.40033721923828,0,None,26
azure_func_00000409_cpu_native,musing_chaplygin,1968.6880111694336,1872.6067543029785,19.726991653442383,0,None,22
azure_func_00000410_cpu_native,silly_engelbart,445.4078674316406,0,1860.004186630249,0,None,33
azure_func_00000410_cpu_native,inspiring_murdock,443.6659812927246,0,748.6648559570312,0,None,30
azure_func_00000410_cpu_native,wizardly_bose,440.54341316223145,0,15.954971313476562,0,None,21
azure_func_00000410_cpu_native,epic_lichterman,193.45831871032715,0,25.390625,0,None,23
azure_func_00000409_cpu_native,priceless_cohen,6950.554370880127,853.2290458679199,7.360219955444336,12,None,20
azure_func_00000409_cpu_native,nifty_cerf,6946.213006973267,908.9961051940918,60.333251953125,45,None,24
azure_func_00000409_cpu_native,optimistic_clarke,6951.22766494751,1027.6353359222412,143.71824264526367,1,None,25
azure_func_00000409_cpu_native,adoring_jepsen,6948.774099349976,1690.8552646636963,507.8439712524414,0,None,29
azure_func_00000409_cpu_native,sharp_wescoff,6113.297700881958,1020.2538967132568,11.893749237060547,3,None,20
azure_func_00000409_cpu_native,gracious_rubin,5928.089618682861,1739.7282123565674,13.30113410949707,0,None,21
azure_func_00000409_cpu_native,dazzling_payne,3235.1889610290527,2783.794641494751,38.668155670166016,0,None,23
azure_func_00000410_cpu_native,suspicious_poitras,3727.470636367798,1517.2781944274902,2328.9029598236084,0,None,33
azure_func_00000410_cpu_native,sad_buck,3716.092586517334,1851.3944149017334,195.64056396484375,0,None,27
azure_func_00000410_cpu_native,eager_kare,6528.154611587524,1095.7016944885254,139.09602165222168,0,None,26
azure_func_00000410_cpu_native,brave_mestorf,6473.089933395386,1958.1177234649658,15.861988067626953,0,None,22
azure_func_00000410_cpu_native,xenodochial_varahamihira,6310.585021972656,2998.9407062530518,17.867565155029297,0,None,22
azure_func_00000409_cpu_native,suspicious_leavitt,6866.264343261719,1338.3569717407227,39.36314582824707,0,None,23
azure_func_00000409_cpu_native,reverent_cartwright,6843.496084213257,1628.7188529968262,17.515182495117188,25,None,22
azure_func_00000409_cpu_native,thirsty_chandrasekhar,3466.625928878784,2952.0909786224365,32.77015686035156,0,None,22
azure_func_00000410_cpu_native,kind_colden,3475.2933979034424,2992.4802780151367,97.49031066894531,15,None,25
azure_func_00000410_cpu_native,silly_goldwasser,8154.373407363892,961.4956378936768,54.60405349731445,0,None,25
azure_func_00000410_cpu_native,boring_roentgen,8129.218101501465,1743.2541847229004,31.1434268951416,0,None,25
azure_func_00000409_cpu_native,relaxed_wilbur,6944.585561752319,2093.4174060821533,2763.0066871643066,0,None,33
azure_func_00000409_cpu_native,musing_chaplygin,3433.6414337158203,0,140.4566764831543,0,None,25
azure_func_00000409_cpu_native,jovial_meninsky,3342.0870304107666,3166.565418243408,92.19479560852051,0,None,25
azure_func_00000410_cpu_native,sharp_banach,2882.7061653137207,2480.2138805389404,2751.056909561157,0,None,34
azure_func_00000409_cpu_native,nice_mestorf,5731.942415237427,2717.963933944702,2778.9382934570312,0,None,33
azure_func_00000409_cpu_native,sweet_wescoff,6536.481142044067,3430.156469345093,1384.7358226776123,0,None,32
azure_func_00000409_cpu_native,jovial_meninsky,469.65599060058594,0,103.74712944030762,0,None,24
azure_func_00000409_cpu_native,musing_chaplygin,173.1405258178711,0,701.7836570739746,0,None,30
azure_func_00000411_cpu_native,vigorous_spence,3688.222646713257,3481.353759765625,1324.401617050171,0,None,31
azure_func_00000409_cpu_native,zen_lichterman,8188.1701946258545,1917.529582977295,1199.2430686950684,0,None,30
azure_func_00000409_cpu_native,crazy_northcutt,7926.890134811401,2664.799928665161,138.4587287902832,0,None,26
azure_func_00000409_cpu_native,laughing_bhabha,7912.607669830322,3051.1183738708496,13.65971565246582,0,None,21
azure_func_00000409_cpu_native,flamboyant_dirac,9489.51005935669,1134.1133117675781,2082.334280014038,0,None,34
azure_func_00000409_cpu_native,exciting_buck,9424.360036849976,1700.732946395874,12.369155883789062,0,None,21
azure_func_00000409_cpu_native,kind_edison,9408.213376998901,2379.8537254333496,36.89241409301758,0,None,23
azure_func_00000409_cpu_native,stoic_taussig,9344.049215316772,3736.055612564087,38.34652900695801,0,None,23
azure_func_00000410_cpu_native,stoic_boyd,8087.428569793701,1871.5920448303223,3506.87313079834,1,None,34
azure_func_00000410_cpu_native,strange_clarke,8015.6409740448,3081.9525718688965,601.4573574066162,0,None,29
azure_func_00000411_cpu_native,modest_wright,4024.3117809295654,3521.0182666778564,43.81275177001953,40,None,26
azure_func_00000410_cpu_native,hardcore_yalow,9707.76391029358,1860.1274490356445,51.596879959106445,0,None,24
azure_func_00000410_cpu_native,sharp_wilbur,9490.364074707031,3062.2260570526123,143.97525787353516,14,None,26
azure_func_00000410_cpu_native,vigilant_agnesi,9437.918424606323,4030.4253101348877,10.371923446655273,0,None,21
azure_func_00000410_cpu_native,unruffled_carson,7061.989545822144,3208.8522911071777,230.60107231140137,0,None,29
azure_func_00000410_cpu_native,focused_dubinsky,6992.271184921265,3624.4966983795166,81.45904541015625,19,None,25
azure_func_00000410_cpu_native,epic_lichterman,7523.976564407349,0,52.8101921081543,0,None,24
azure_func_00000410_cpu_native,wizardly_bose,7344.40803527832,0,71.06161117553711,0,None,26
azure_func_00000410_cpu_native,sad_buck,3341.7961597442627,0,2913.7749671936035,0,None,34
azure_func_00000410_cpu_native,suspicious_poitras,3052.050828933716,0,36.85140609741211,0,None,22
azure_func_00000410_cpu_native,dazzling_lumiere,3019.2220211029053,2961.233139038086,2643.061637878418,0,None,32
azure_func_00000411_cpu_native,modest_wright,67.56806373596191,0,1574.901819229126,0,None,31
azure_func_00000413_cpu_native,busy_margulis,29.56223487854004,0,2205.2524089813232,0,None,33
azure_func_00000410_cpu_native,suspicious_poitras,495.9533214569092,0,71.80166244506836,0,None,24
azure_func_00000410_cpu_native,sad_buck,428.3878803253174,0,32.03082084655762,0,None,22
azure_func_00000410_cpu_native,wizardly_bose,253.28612327575684,0,83.82153511047363,0,None,24
azure_func_00000410_cpu_native,dazzling_lumiere,116.3949966430664,0,1244.0664768218994,0,None,32
azure_func_00000409_cpu_native,elastic_bhabha,13239.933490753174,1845.9365367889404,28.072595596313477,0,None,22
azure_func_00000410_cpu_native,dazzling_lumiere,465.29674530029297,0,179.51059341430664,0,None,26
azure_func_00000410_cpu_native,wizardly_bose,265.0020122528076,0,40.99559783935547,0,None,23
azure_func_00000409_cpu_native,agitated_saha,11493.76630783081,2635.5857849121094,164.2324924468994,0,None,26
azure_func_00000409_cpu_native,heuristic_elion,11439.221858978271,3796.861410140991,69.19384002685547,47,None,24
azure_func_00000409_cpu_native,nostalgic_hofstadter,11247.177600860596,4467.525482177734,110.70632934570312,0,None,25
azure_func_00000410_cpu_native,sad_buck,191.52474403381348,0,1255.3887367248535,0,None,32
azure_func_00000410_cpu_native,gallant_varahamihira,13684.16142463684,3369.3463802337646,45.18747329711914,0,None,23
azure_func_00000410_cpu_native,inspiring_murdock,7301.403522491455,0,5043.452501296997,0,None,35
azure_func_00000410_cpu_native,silly_engelbart,7291.648626327515,0,59.89193916320801,0,None,24
azure_func_00000410_cpu_native,sharp_keller,7271.705627441406,3015.3157711029053,388.66329193115234,0,None,28
azure_func_00000410_cpu_native,boring_keller,7265.18988609314,4006.6938400268555,119.59385871887207,0,None,25
azure_func_00000413_cpu_native,busy_margulis,308.474063873291,0,80.82413673400879,0,None,24
azure_func_00000414_cpu_native,elated_merkle,6172.87540435791,5760.497808456421,11.389732360839844,0,None,20
azure_func_00000410_cpu_native,intelligent_carver,13682.170152664185,3816.052198410034,859.8194122314453,0,None,29
azure_func_00000410_cpu_native,dreamy_bouman,13498.170614242554,5880.661487579346,73.02379608154297,0,None,24
azure_func_00000409_cpu_native,crazy_mendeleev,15903.012990951538,1989.3953800201416,11.208057403564453,25,None,20
azure_func_00000409_cpu_native,cranky_ishizaka,15903.200149536133,3184.03697013855,679.9159049987793,0,None,29
azure_func_00000409_cpu_native,beautiful_tharp,15870.035886764526,3642.9409980773926,348.2401371002197,0,None,28
azure_func_00000409_cpu_native,loving_shockley,15658.563613891602,6480.262994766235,68.65596771240234,0,None,25
azure_func_00000409_cpu_native,pedantic_kapitsa,13096.755981445312,2644.3614959716797,5642.074108123779,0,None,34
azure_func_00000409_cpu_native,trusting_jennings,13080.04879951477,3423.618793487549,12.691736221313477,0,None,21
azure_func_00000409_cpu_native,upbeat_hugle,12985.733270645142,4775.667428970337,159.0437889099121,0,None,26
azure_func_00000410_cpu_native,jovial_fermi,19344.733715057373,1487.194538116455,38.63835334777832,0,None,22
azure_func_00000410_cpu_native,lucid_easley,19132.960319519043,2512.6001834869385,38.57827186584473,18,None,23
azure_func_00000410_cpu_native,happy_sanderson,19008.05687904358,3268.995523452759,124.06611442565918,0,None,25
azure_func_00000410_cpu_native,elastic_keldysh,15176.956176757812,3283.6008071899414,19.63496208190918,0,None,20
azure_func_00000409_cpu_native,adoring_jepsen,15562.733888626099,0,22.014617919921875,0,None,22
azure_func_00000409_cpu_native,practical_almeida,7992.410659790039,7487.273693084717,13.78941535949707,0,None,21
azure_func_00000411_cpu_native,modest_wright,267.57025718688965,0,191.8344497680664,0,None,26
azure_func_00000410_cpu_native,sharp_banach,11582.916021347046,0,3171.753406524658,0,None,32
azure_func_00000410_cpu_native,interesting_keldysh,11573.626041412354,4372.051954269409,24.85203742980957,0,None,22
azure_func_00000410_cpu_native,dazzling_austin,11243.927240371704,6644.684553146362,37.653207778930664,0,None,23
azure_func_00000409_cpu_native,elastic_bhabha,8651.477098464966,0,59.72027778625488,0,None,24
azure_func_00000409_cpu_native,gracious_tesla,8557.63578414917,8343.03331375122,7.369279861450195,0,None,20
azure_func_00000410_cpu_native,focused_dubinsky,11226.207733154297,0,182.8606128692627,2,None,26
azure_func_00000410_cpu_native,unruffled_carson,11201.080560684204,0,37.19496726989746,0,None,22
azure_func_00000410_cpu_native,upbeat_buck,11139.894247055054,2603.8880348205566,32.15289115905762,0,None,22
azure_func_00000410_cpu_native,brave_tharp,11140.037775039673,8086.628437042236,206.78448677062988,0,None,26
azure_func_00000410_cpu_native,brave_joliot,15049.234390258789,4132.1680545806885,3031.303644180298,0,None,32
azure_func_00000410_cpu_native,beautiful_shirley,14901.000499725342,7168.071985244751,40.04216194152832,0,None,22
azure_func_00000409_cpu_native,peaceful_booth,15434.463739395142,3542.2916412353516,2945.586919784546,3,None,32
azure_func_00000409_cpu_native,vibrant_kilby,15234.81559753418,4415.084600448608,10.35308837890625,0,None,20
azure_func_00000409_cpu_native,quirky_mirzakhani,15184.160947799683,7086.708307266235,15.408992767333984,0,None,20
azure_func_00000409_cpu_native,quirky_mirzakhani,371.2906837463379,0,14.914751052856445,0,None,21
azure_func_00000410_cpu_native,beautiful_shirley,380.4445266723633,0,34.899234771728516,0,None,23
azure_func_00000410_cpu_native,dazzling_austin,42.166948318481445,0,852.1339893341064,0,None,30
azure_func_00000410_cpu_native,interesting_keldysh,43.54381561279297,0,85.35099029541016,0,None,25
azure_func_00000410_cpu_native,brave_joliot,347.6850986480713,0,427.87861824035645,0,None,28
azure_func_00000410_cpu_native,brave_tharp,354.4449806213379,0,79.17070388793945,0,None,25
azure_func_00000410_cpu_native,beautiful_shirley,144.7291374206543,0,29.134035110473633,0,None,22
azure_func_00000410_cpu_native,vibrant_pike,18980.68118095398,4579.596042633057,4344.318389892578,20,None,33
azure_func_00000410_cpu_native,exciting_chandrasekhar,18915.642499923706,6831.305980682373,22.883176803588867,0,None,22
azure_func_00000409_cpu_native,quirky_mirzakhani,170.9287166595459,0,617.295503616333,0,None,29
azure_func_00000409_cpu_native,vibrant_kilby,360.32891273498535,0,1373.6157417297363,0,None,31
azure_func_00000409_cpu_native,peaceful_booth,237.70546913146973,0,88.87624740600586,0,None,25
azure_func_00000410_cpu_native,sad_buck,9783.413648605347,0,46.23866081237793,0,None,23
azure_func_00000410_cpu_native,objective_swartz,9605.825185775757,9370.280981063843,34.85560417175293,0,None,22
azure_func_00000409_cpu_native,peaceful_booth,419.94333267211914,0,14.426946640014648,0,None,21
azure_func_00000410_cpu_native,objective_swartz,135.98036766052246,0,11.93380355834961,0,None,21
azure_func_00000410_cpu_native,sad_buck,133.4671974182129,0,62.8972053527832,0,None,24
azure_func_00000410_cpu_native,dazzling_austin,120.34845352172852,0,24.3527889251709,0,None,22
azure_func_00000409_cpu_native,peaceful_booth,83.21142196655273,0,185.02497673034668,0,None,26
azure_func_00000410_cpu_native,exciting_chandrasekhar,486.1910343170166,0,2200.9096145629883,0,None,33
azure_func_00000410_cpu_native,vibrant_pike,467.94915199279785,0,20.075321197509766,0,None,22
azure_func_00000410_cpu_native,beautiful_shirley,275.57969093322754,0,585.296630859375,0,None,29
azure_func_00000409_cpu_native,peaceful_booth,291.3820743560791,0,177.15764045715332,0,None,26
azure_func_00000410_cpu_native,brave_joliot,419.5525646209717,0,1942.9984092712402,0,None,31
azure_func_00000410_cpu_native,interesting_keldysh,162.73808479309082,0,29.613494873046875,0,None,22
azure_func_00000410_cpu_native,boring_keller,10209.223985671997,0,686.5124702453613,0,None,29
azure_func_00000410_cpu_native,sharp_keller,10070.50633430481,0,179.3229579925537,2,None,26
azure_func_00000410_cpu_native,silly_engelbart,10056.931257247925,0,10.618925094604492,0,None,20
azure_func_00000410_cpu_native,inspiring_murdock,9967.083215713501,0,95.41821479797363,0,None,25
azure_func_00000410_cpu_native,beautiful_cray,9964.794397354126,9724.622964859009,13.497114181518555,0,None,20
azure_func_00000410_cpu_native,interesting_keldysh,188.80414962768555,0,73.49109649658203,0,None,25
azure_func_00000410_cpu_native,interesting_keldysh,247.56121635437012,0,127.87604331970215,0,None,25
azure_func_00000409_cpu_native,peaceful_booth,434.62419509887695,0,1929.2418956756592,0,None,31
azure_func_00000410_cpu_native,brave_tharp,46.418190002441406,0,5887.267827987671,0,None,34
azure_func_00000409_cpu_native,brave_ptolemy,18156.846284866333,6279.212474822998,43.93267631530762,0,None,23
azure_func_00000409_cpu_native,wonderful_bose,18057.910919189453,11665.193557739258,15.488862991333008,0,None,21
azure_func_00000409_cpu_native,peaceful_booth,280.3671360015869,0,6.938695907592773,0,None,20
azure_func_00000409_cpu_native,peaceful_booth,81.44187927246094,0,26.211261749267578,0,None,22
azure_func_00000410_cpu_native,brave_joliot,188.80176544189453,0,3401.372194290161,0,None,32
azure_func_00000413_cpu_native,busy_margulis,106.34994506835938,0,457.53979682922363,0,None,29
azure_func_00000409_cpu_native,peaceful_booth,267.26365089416504,0,118.80874633789062,0,None,25
azure_func_00000410_cpu_native,silly_engelbart,246.8736171722412,0,462.6893997192383,0,None,28
azure_func_00000410_cpu_native,sharp_keller,130.4175853729248,0,16.632080078125,9,None,21
azure_func_00000410_cpu_native,beautiful_cray,128.19457054138184,0,2354.6807765960693,0,None,31
azure_func_00000409_cpu_native,vibrant_kilby,139.92977142333984,0,7068.3324337005615,0,None,34
azure_func_00000409_cpu_native,romantic_zhukovsky,20110.496759414673,7447.484254837036,126.93524360656738,0,None,25
azure_func_00000409_cpu_native,boring_banzai,19924.3221282959,12152.24003791809,40.56835174560547,7,None,22
azure_func_00000410_cpu_native,beautiful_cray,41.52941703796387,0,752.3825168609619,0,None,29
azure_func_00000410_cpu_native,brave_joliot,379.8336982727051,0,1228.6875247955322,0,None,30
azure_func_00000410_cpu_native,boring_keller,215.37065505981445,0,5.877017974853516,0,None,20
azure_func_00000409_cpu_native,boring_banzai,313.6742115020752,0,202.6197910308838,0,None,26
azure_func_00000410_cpu_native,interesting_keldysh,203.49574089050293,0,5022.672891616821,0,None,33
azure_func_00000409_cpu_native,boring_banzai,268.72992515563965,0,17.560482025146484,0,None,21
azure_func_00000410_cpu_native,beautiful_cray,292.2184467315674,0,26.95918083190918,0,None,21
azure_func_00000409_cpu_native,boring_banzai,318.03345680236816,0,24.940013885498047,0,None,22
azure_func_00000410_cpu_native,boring_keller,356.0514450073242,0,1226.982593536377,0,None,30
azure_func_00000410_cpu_native,brave_joliot,139.88256454467773,0,10.567665100097656,0,None,20
azure_func_00000410_cpu_native,sharp_keller,452.8164863586426,0,302.31451988220215,0,None,27
azure_func_00000410_cpu_native,silly_engelbart,378.74817848205566,0,155.00545501708984,0,None,25
azure_func_00000410_cpu_native,brave_tharp,109.13395881652832,0,4275.590658187866,0,None,33
azure_func_00000410_cpu_native,inspiring_murdock,88.85860443115234,0,46.53644561767578,0,None,23
azure_func_00000409_cpu_native,boring_banzai,457.3631286621094,0,26.745319366455078,0,None,20
azure_func_00000409_cpu_native,romantic_zhukovsky,164.28565979003906,0,36.93819046020508,0,None,23
azure_func_00000410_cpu_native,inspiring_murdock,367.82240867614746,0,40.734052658081055,0,None,23
azure_func_00000410_cpu_native,dazzling_austin,350.93092918395996,0,2503.956079483032,0,None,31
azure_func_00000410_cpu_native,inspiring_murdock,196.37298583984375,0,793.5428619384766,0,None,29
azure_func_00000409_cpu_native,nostalgic_hofstadter,23386.403560638428,0,428.9743900299072,0,None,28
azure_func_00000409_cpu_native,heuristic_elion,23352.854251861572,0,10.633707046508789,3,None,20
azure_func_00000409_cpu_native,agitated_saha,23279.818296432495,0,47.44696617126465,0,None,23
azure_func_00000410_cpu_native,beautiful_shirley,279.5126438140869,0,12086.730241775513,0,None,35
azure_func_00000410_cpu_native,beautiful_cray,468.4336185455322,0,5171.841144561768,0,None,33
azure_func_00000410_cpu_native,interesting_keldysh,55.448293685913086,0,764.5866870880127,0,None,29
azure_func_00000409_cpu_native,ecstatic_dubinsky,23643.3424949646,8453.191995620728,1285.0594520568848,0,None,30
azure_func_00000409_cpu_native,jovial_hertz,23468.329906463623,14711.779356002808,12.93802261352539,0,None,21
azure_func_00000410_cpu_native,vibrant_pike,269.8485851287842,0,13968.865633010864,0,None,35
azure_func_00000410_cpu_native,exciting_chandrasekhar,113.02614212036133,0,11040.55118560791,0,None,35
azure_func_00000410_cpu_native,brave_tharp,112.66446113586426,0,5103.651523590088,0,None,33
azure_func_00000410_cpu_native,wizardly_bose,22771.999835968018,0,4300.250291824341,0,None,33
azure_func_00000410_cpu_native,dazzling_lumiere,22689.23020362854,0,185.23311614990234,0,None,26
azure_func_00000410_cpu_native,suspicious_poitras,22678.85422706604,0,67.78264045715332,0,None,23
azure_func_00000410_cpu_native,stoic_hellman,22627.312183380127,8187.866926193237,215.2996063232422,0,None,26
azure_func_00000410_cpu_native,beautiful_cartwright,22460.56604385376,14076.048374176025,123.70467185974121,1,None,25
azure_func_00000410_cpu_native,vigilant_agnesi,31104.839324951172,0,10.244607925415039,0,None,21
azure_func_00000410_cpu_native,sharp_wilbur,31093.28818321228,0,47.57952690124512,0,None,26
azure_func_00000410_cpu_native,hardcore_yalow,31096.253871917725,0,86.37571334838867,0,None,25
azure_func_00000410_cpu_native,strange_clarke,31078.266620635986,0,15.943765640258789,0,None,21
azure_func_00000410_cpu_native,stoic_boyd,31074.678897857666,0,8.947372436523438,0,None,23
azure_func_00000410_cpu_native,pedantic_swanson,31061.087608337402,6285.586357116699,12.929677963256836,0,None,21
azure_func_00000410_cpu_native,gallant_varahamihira,24250.397205352783,0,914.3242835998535,0,None,31
azure_func_00000410_cpu_native,modest_leavitt,31071.552991867065,9564.52465057373,581.2869071960449,7,None,30
azure_func_00000410_cpu_native,interesting_shannon,30730.52430152893,14667.197704315186,8.723020553588867,0,None,21
azure_func_00000410_cpu_native,dreamy_bouman,25272.490978240967,0,24.899959564208984,0,None,22
azure_func_00000409_cpu_native,optimistic_clarke,26556.828022003174,0,12060.683012008667,0,None,35
azure_func_00000409_cpu_native,nifty_cerf,26398.968935012817,0,16.82758331298828,0,None,21
azure_func_00000409_cpu_native,priceless_cohen,26378.490924835205,0,363.1865978240967,0,None,27
azure_func_00000409_cpu_native,optimistic_wiles,26380.229234695435,3332.495927810669,123.61311912536621,0,None,25
azure_func_00000409_cpu_native,exciting_turing,26346.795320510864,4472.079515457153,6981.157541275024,0,None,34
azure_func_00000409_cpu_native,practical_leavitt,26341.493844985962,6565.395832061768,3275.5022048950195,0,None,32
azure_func_00000409_cpu_native,unruffled_austin,26328.23157310486,11527.854919433594,64.24093246459961,21,None,23
azure_func_00000410_cpu_native,intelligent_carver,25213.536262512207,0,1044.0926551818848,0,None,31
azure_func_00000410_cpu_native,recursing_rosalind,25041.14580154419,10484.283208847046,165.32063484191895,0,None,26
azure_func_00000410_cpu_native,dreamy_gauss,24873.705863952637,14185.330629348755,754.6305656433105,0,None,29
azure_func_00000409_cpu_native,great_varahamihira,23251.609086990356,8345.371961593628,6328.442573547363,0,None,35
azure_func_00000409_cpu_native,affectionate_jackson,23108.20436477661,14599.861145019531,206.0372829437256,0,None,26
azure_func_00000410_cpu_native,epic_wozniak,24234.030961990356,9404.937982559204,4350.236415863037,0,None,33
azure_func_00000410_cpu_native,hungry_robinson,24220.380306243896,14713.629245758057,2184.8039627075195,0,None,33
azure_func_00000409_cpu_native,jovial_meninsky,38397.465467453,0,12.419939041137695,0,None,21
azure_func_00000409_cpu_native,sweet_wescoff,38359.68232154846,0,48.532962799072266,3,None,23
azure_func_00000409_cpu_native,nice_mestorf,38170.26901245117,0,9.603500366210938,1,None,21
azure_func_00000409_cpu_native,recursing_elgamal,38139.23907279968,4317.155599594116,9.360313415527344,0,None,20
azure_func_00000410_cpu_native,happy_sanderson,26740.384101867676,0,192.95907020568848,0,None,26
azure_func_00000409_cpu_native,adoring_jepsen,27059.608221054077,0,707.324743270874,0,None,29
azure_func_00000409_cpu_native,interesting_gould,26823.686122894287,12944.008827209473,106.35113716125488,25,None,25
azure_func_00000409_cpu_native,happy_buck,26803.796529769897,13623.865604400635,8.258581161499023,0,None,20
azure_func_00000410_cpu_native,festive_lalande,27418.893814086914,13218.029260635376,35.79878807067871,0,None,23
azure_func_00000409_cpu_native,blissful_solomon,38109.7993850708,7040.635824203491,1809.7000122070312,0,None,31
azure_func_00000409_cpu_native,upbeat_albattani,38081.074714660645,12010.786056518555,174.30901527404785,8,None,26
azure_func_00000410_cpu_native,lucid_easley,26632.97963142395,0,1853.7347316741943,0,None,31
azure_func_00000410_cpu_native,jovial_fermi,26522.128582000732,0,1207.6215744018555,0,None,30
azure_func_00000410_cpu_native,crazy_bhabha,26517.818212509155,12549.117088317871,8.016109466552734,31,None,20
azure_func_00000410_cpu_native,loving_swartz,26368.434190750122,13532.68551826477,32.18698501586914,0,None,23
azure_func_00000409_cpu_native,gracious_napier,28220.211029052734,13695.042848587036,18.19634437561035,0,None,21
azure_func_00000409_cpu_native,romantic_zhukovsky,13703.60541343689,0,176.62286758422852,0,None,26
azure_func_00000409_cpu_native,nice_davinci,28136.626958847046,14126.345872879028,1052.3004531860352,6,None,30
azure_func_00000409_cpu_native,gallant_ptolemy,38072.428703308105,14336.708068847656,3591.6550159454346,40,None,33
azure_func_00000410_cpu_native,confident_fermi,27344.59352493286,13786.687850952148,2765.3520107269287,17,None,32
azure_func_00000410_cpu_native,romantic_wiles,42938.39192390442,5100.583076477051,105.85737228393555,0,None,25
azure_func_00000410_cpu_native,vigilant_lovelace,42851.44305229187,8809.964656829834,103.55329513549805,9,None,25
azure_func_00000410_cpu_native,serene_benz,37177.54149436951,9010.861873626709,59.166908264160156,0,None,24
azure_func_00000409_cpu_native,boring_banzai,13633.1946849823,0,4735.691785812378,0,None,33
azure_func_00000409_cpu_native,vibrant_kilby,13621.82879447937,0,33.154964447021484,0,None,23
azure_func_00000409_cpu_native,musing_golick,13432.326316833496,13349.806547164917,19.782304763793945,1,None,22
azure_func_00000410_cpu_native,keen_noether,42728.96862030029,15371.83141708374,1713.7484550476074,0,None,31
azure_func_00000410_cpu_native,dreamy_fermi,42699.6374130249,13115.861415863037,23.463964462280273,11,None,22
azure_func_00000409_cpu_native,peaceful_booth,13989.384889602661,0,9404.026508331299,0,None,35
azure_func_00000409_cpu_native,wonderful_bose,13899.495601654053,0,9.926319122314453,0,None,20
azure_func_00000409_cpu_native,brave_ptolemy,13771.922588348389,0,20.047903060913086,0,None,22
azure_func_00000409_cpu_native,pedantic_dijkstra,13679.083824157715,13582.332611083984,15.61117172241211,1,None,21
azure_func_00000409_cpu_native,bold_buck,38427.517890930176,9415.51661491394,857.7091693878174,0,None,31
azure_func_00000409_cpu_native,funny_bardeen,38374.75919723511,14310.6210231781,39.93558883666992,0,None,23
azure_func_00000409_cpu_native,adoring_volhard,38080.43360710144,14106.25410079956,58.62617492675781,0,None,23
azure_func_00000410_cpu_native,quirky_dijkstra,37131.033182144165,14641.424417495728,2488.4421825408936,14,None,32
azure_func_00000410_cpu_native,suspicious_mclean,36833.06622505188,12987.297296524048,59.83614921569824,0,None,24
azure_func_00000409_cpu_native,upbeat_rosalind,38459.80715751648,10743.571758270264,89.49828147888184,0,None,25
azure_func_00000409_cpu_native,relaxed_wilbur,49559.76319313049,0,2.881288528442383,0,None,21
azure_func_00000409_cpu_native,nice_ellis,38271.89779281616,14846.314907073975,1491.9726848602295,0,None,31
azure_func_00000409_cpu_native,distracted_merkle,38066.909313201904,12337.599515914917,1668.3950424194336,0,None,31
azure_func_00000409_cpu_native,inspiring_driscoll,49556.79774284363,3798.89178276062,1020.3096866607666,0,None,30
azure_func_00000409_cpu_native,jovial_kare,49308.52222442627,6919.403314590454,11.672258377075195,0,None,20
azure_func_00000409_cpu_native,hopeful_jennings,49306.923389434814,11126.209497451782,43.85948181152344,0,None,23
azure_func_00000409_cpu_native,vigilant_cray,49253.291845321655,14919.828176498413,163.18154335021973,0,None,25
azure_func_00000409_cpu_native,epic_curie,49231.433153152466,12140.653848648071,26.729583740234375,0,None,22
azure_func_00000410_cpu_native,epic_lichterman,47123.25143814087,0,24.33013916015625,0,None,22
azure_func_00000410_cpu_native,zealous_mclean,46932.79719352722,7923.799514770508,178.94506454467773,0,None,26
azure_func_00000410_cpu_native,sleepy_agnesi,46929.31008338928,13240.378141403198,3.409147262573242,0,None,21
azure_func_00000410_cpu_native,distracted_torvalds,49396.146297454834,4124.038219451904,3991.0919666290283,0,None,34
azure_func_00000410_cpu_native,hardcore_black,49381.786823272705,6662.455320358276,186.45739555358887,0,None,25
azure_func_00000410_cpu_native,reverent_fermi,49163.838386535645,10968.688488006592,175.74477195739746,0,None,26
azure_func_00000410_cpu_native,fervent_joliot,47564.722299575806,8384.320497512817,127.3188591003418,0,None,25
azure_func_00000410_cpu_native,eager_volhard,47460.3796005249,14185.608625411987,59.21316146850586,45,None,24
azure_func_00000410_cpu_native,brave_kowalevski,47456.19249343872,13677.711248397827,24.00994300842285,0,None,22
azure_func_00000410_cpu_native,modest_ritchie,47453.74941825867,10712.981224060059,61.42377853393555,0,None,25
azure_func_00000409_cpu_native,gracious_tesla,39369.396686553955,0,10.954618453979492,0,None,20
azure_func_00000409_cpu_native,elastic_bhabha,39375.8442401886,0,48.45452308654785,0,None,26
azure_func_00000409_cpu_native,gallant_khorana,39226.15933418274,15282.938718795776,165.65370559692383,0,None,25
azure_func_00000410_cpu_native,elastic_keldysh,39291.92924499512,0,4279.986381530762,0,None,33
azure_func_00000410_cpu_native,reverent_hawking,39273.5755443573,12472.870111465454,3135.589599609375,0,None,32
azure_func_00000409_cpu_native,festive_poincare,52922.133684158325,4784.253835678101,1968.22190284729,0,None,31
azure_func_00000409_cpu_native,competent_lederberg,52839.42985534668,8281.200885772705,20.377397537231445,0,None,21
azure_func_00000409_cpu_native,busy_neumann,52676.48768424988,14747.618198394775,26.216506958007812,0,None,22
azure_func_00000409_cpu_native,stoic_black,52695.197343826294,13100.486755371094,18.73159408569336,0,None,21
azure_func_00000409_cpu_native,focused_blackwell,52649.37353134155,11253.89552116394,56.72049522399902,0,None,23
azure_func_00000410_cpu_native,sleepy_meitner,46719.83194351196,13657.525062561035,4299.505710601807,0,None,33
azure_func_00000410_cpu_native,upbeat_sutherland,46688.33374977112,11617.852449417114,145.53403854370117,0,None,26
azure_func_00000409_cpu_native,recursing_goldberg,48123.32010269165,9658.322095870972,194.9923038482666,0,None,26
azure_func_00000409_cpu_native,elated_golick,47919.989585876465,14876.543045043945,777.6541709899902,0,None,29
azure_func_00000409_cpu_native,ecstatic_keldysh,47899.94025230408,12820.567607879639,10.384559631347656,0,None,22
azure_func_00000410_cpu_native,sharp_rhodes,49120.69034576416,14362.68162727356,9173.415899276733,0,None,35
azure_func_00000410_cpu_native,busy_hermann,49096.92907333374,12504.95719909668,1630.202293395996,16,None,31
azure_func_00000410_cpu_native,boring_roentgen,56539.78633880615,0,3330.822229385376,0,None,32
azure_func_00000410_cpu_native,silly_goldwasser,56528.65147590637,0,1296.0772514343262,0,None,30
azure_func_00000410_cpu_native,kind_colden,56468.433141708374,0,19.827604293823242,0,None,21
azure_func_00000410_cpu_native,youthful_dhawan,56428.45821380615,3456.2723636627197,30.869007110595703,0,None,22
azure_func_00000410_cpu_native,nostalgic_sammet,56430.13000488281,6392.031908035278,251.89614295959473,72,None,26
azure_func_00000410_cpu_native,jovial_liskov,56421.29397392273,9369.36092376709,131.09445571899414,0,None,25
azure_func_00000410_cpu_native,priceless_lamarr,56419.87466812134,14609.024047851562,2068.713426589966,0,None,31
azure_func_00000410_cpu_native,loving_kalam,56421.85568809509,12745.502948760986,11.71255111694336,0,None,20
azure_func_00000410_cpu_native,compassionate_bhaskara,56414.902687072754,9539.465427398682,51.546573638916016,68,None,23
azure_func_00000410_cpu_native,modest_almeida,39016.14809036255,13863.596200942993,7274.411201477051,0,None,34
azure_func_00000410_cpu_native,flamboyant_roentgen,38996.67429924011,12335.411310195923,151.94344520568848,0,None,26
azure_func_00000409_cpu_native,strange_driscoll,47345.24941444397,7972.863674163818,4899.051189422607,0,None,33
azure_func_00000409_cpu_native,cranky_chaum,56115.55027961731,6668.132543563843,168.11871528625488,0,None,26
azure_func_00000409_cpu_native,thirsty_chandrasekhar,59990.77749252319,0,2335.0703716278076,0,None,32
azure_func_00000409_cpu_native,reverent_cartwright,59911.428928375244,0,28.64694595336914,0,None,22
azure_func_00000409_cpu_native,suspicious_leavitt,59880.4407119751,0,71.5935230255127,0,None,24
azure_func_00000409_cpu_native,unruffled_jemison,59744.79389190674,4171.709775924683,111.45281791687012,24,None,25
azure_func_00000409_cpu_native,hopeful_leavitt,59742.21134185791,6362.323999404907,4.685401916503906,1,None,20
azure_func_00000409_cpu_native,wonderful_euclid,59744.53687667847,11136.200428009033,39.217233657836914,0,None,23
azure_func_00000409_cpu_native,modest_germain,59695.19066810608,14582.33094215393,12.482166290283203,0,None,21
azure_func_00000409_cpu_native,adoring_shirley,59685.96696853638,12736.60683631897,12.442588806152344,1,None,20
azure_func_00000409_cpu_native,practical_saha,56572.468280792236,7304.12220954895,139.29986953735352,0,None,25
azure_func_00000409_cpu_native,focused_wozniak,56557.13868141174,12488.425970077515,47.41621017456055,0,None,23
azure_func_00000409_cpu_native,musing_chaplygin,60962.63813972473,0,28.42569351196289,0,None,22
azure_func_00000409_cpu_native,romantic_banach,39027.49514579773,13143.656730651855,7153.250217437744,0,None,34
azure_func_00000409_cpu_native,unruffled_perlman,38998.27694892883,10378.616571426392,115.6456470489502,6,None,25
azure_func_00000409_cpu_native,dreamy_sutherland,60883.35585594177,4384.167432785034,1524.6326923370361,0,None,31
azure_func_00000409_cpu_native,elegant_sinoussi,60887.63403892517,7334.502696990967,128.2973289489746,42,None,25
azure_func_00000409_cpu_native,stoic_cartwright,60871.620416641235,13107.536554336548,1311.8655681610107,0,None,30
azure_func_00000409_cpu_native,elastic_leakey,60868.52502822876,14018.176317214966,835.0608348846436,0,None,29
azure_func_00000409_cpu_native,laughing_bhabha,61751.61933898926,0,46.491384506225586,0,None,23
azure_func_00000409_cpu_native,crazy_northcutt,61691.30229949951,0,23.82040023803711,0,None,22
azure_func_00000409_cpu_native,zen_lichterman,61674.13783073425,0,12.939453125,0,None,21
azure_func_00000409_cpu_native,awesome_mestorf,61672.33324050903,5072.516679763794,18.463611602783203,1,None,20
azure_func_00000409_cpu_native,clever_wright,60717.68379211426,11648.205995559692,2056.809663772583,0,None,31
azure_func_00000409_cpu_native,recursing_pare,60688.32445144653,9859.376192092896,11.540651321411133,35,None,20
azure_func_00000409_cpu_native,quirky_mirzakhani,36665.62271118164,0,7944.183826446533,0,None,35
azure_func_00000409_cpu_native,goofy_yonath,36616.14775657654,14525.928735733032,1216.2230014801025,0,None,30
azure_func_00000409_cpu_native,brave_burnell,36589.38479423523,12710.584163665771,29.53624725341797,1,None,23
azure_func_00000409_cpu_native,vigilant_jang,36568.40252876282,9124.5698928833,115.23199081420898,0,None,25
azure_func_00000409_cpu_native,flamboyant_dhawan,56576.680183410645,14011.858701705933,3393.5046195983887,0,None,32
azure_func_00000409_cpu_native,cool_sinoussi,56396.37470245361,12140.872955322266,11.837005615234375,4,None,20
azure_func_00000409_cpu_native,dazzling_payne,66941.12920761108,0,213.99927139282227,0,None,26
azure_func_00000409_cpu_native,gracious_rubin,66897.47667312622,0,31.363248825073242,0,None,21
azure_func_00000409_cpu_native,bold_haslett,61657.09614753723,8551.320791244507,2024.7128009796143,2,None,31
azure_func_00000409_cpu_native,keen_chandrasekhar,61584.13624763489,14887.19367980957,15.867471694946289,0,None,21
azure_func_00000409_cpu_native,nostalgic_banach,61496.880531311035,12834.985971450806,552.0927906036377,18,None,28
azure_func_00000409_cpu_native,elastic_curran,61485.86821556091,10948.500156402588,13.648271560668945,0,None,21
azure_func_00000409_cpu_native,upbeat_euclid,61483.93797874451,8879.656076431274,24.988889694213867,0,None,22
azure_func_00000409_cpu_native,loving_cohen,56345.32165527344,10178.83038520813,4850.479602813721,0,None,33
azure_func_00000409_cpu_native,youthful_pasteur,59677.03437805176,10427.550554275513,7636.998653411865,0,None,34
azure_func_00000409_cpu_native,eager_mirzakhani,47264.219760894775,14357.824325561523,12784.403562545776,76,None,35
azure_func_00000409_cpu_native,infallible_cray,47250.948905944824,13783.979654312134,3543.659448623657,0,None,32
azure_func_00000409_cpu_native,gallant_banzai,47254.21333312988,10607.475519180298,51.44071578979492,13,None,26
azure_func_00000410_cpu_native,tender_herschel,66567.05737113953,4014.756917953491,787.0495319366455,0,None,29
azure_func_00000410_cpu_native,bold_faraday,66561.96570396423,6450.254440307617,146.64626121520996,0,None,25
azure_func_00000410_cpu_native,frosty_stonebraker,66352.69451141357,11027.73141860962,20.455360412597656,103,None,24
azure_func_00000410_cpu_native,quirky_austin,66329.01334762573,14106.983184814453,116.28580093383789,19,None,25
azure_func_00000409_cpu_native,sharp_wescoff,66838.46426010132,0,3357.8052520751953,0,None,32
azure_func_00000409_cpu_native,vibrant_tu,66829.70833778381,3843.6360359191895,63.60793113708496,63,None,23
azure_func_00000410_cpu_native,mystifying_fermi,68096.89903259277,4381.643056869507,56.45036697387695,0,None,24
azure_func_00000410_cpu_native,hardcore_jones,68053.36713790894,7606.7352294921875,64.4078254699707,0,None,24
azure_func_00000409_cpu_native,competent_gates,47856.33373260498,10338.140726089478,12647.871255874634,0,None,35
azure_func_00000410_cpu_native,pedantic_blackwell,55283.597469329834,14071.310997009277,16.902446746826172,21,None,21
azure_func_00000410_cpu_native,objective_pike,55176.53822898865,13809.629201889038,47.26862907409668,0,None,23
azure_func_00000409_cpu_native,laughing_mestorf,56113.30318450928,11724.333047866821,10578.84669303894,1,None,35
azure_func_00000409_cpu_native,quirky_nightingale,56090.466260910034,14271.687984466553,55.27973175048828,0,None,26
azure_func_00000409_cpu_native,eloquent_poitras,56026.32999420166,12625.560283660889,731.0464382171631,0,None,29
azure_func_00000409_cpu_native,great_joliot,55991.368532180786,10080.081462860107,91.41325950622559,0,None,25
azure_func_00000410_cpu_native,vigilant_jones,68001.81078910828,13122.409105300903,1218.759536743164,78,None,30
azure_func_00000410_cpu_native,cool_booth,67999.72820281982,13632.065296173096,16.544818878173828,0,None,21
azure_func_00000410_cpu_native,infallible_noyce,67980.07082939148,11319.027185440063,14.711380004882812,0,None,21
azure_func_00000410_cpu_native,optimistic_burnell,67860.11457443237,9772.406816482544,121.20318412780762,0,None,25
azure_func_00000410_cpu_native,eager_williams,67830.59883117676,7508.089065551758,21.40665054321289,0,None,22
azure_func_00000410_cpu_native,angry_jones,55164.37911987305,10463.619947433472,1155.4722785949707,0,None,31
azure_func_00000410_cpu_native,modest_boyd,55112.690925598145,10176.084518432617,702.7504444122314,0,None,29
azure_func_00000410_cpu_native,elastic_antonelli,55044.83485221863,6272.46880531311,120.7892894744873,0,None,26
azure_func_00000409_cpu_native,stoic_taussig,68904.8318862915,0,28.630733489990234,0,None,22
azure_func_00000409_cpu_native,crazy_mendeleev,61468.37258338928,0,41.92066192626953,0,None,23
azure_func_00000409_cpu_native,tender_pascal,62724.58505630493,10271.283864974976,8.28409194946289,0,None,20
azure_func_00000409_cpu_native,great_elbakyan,66762.8161907196,5262.985467910767,6690.265417098999,0,None,35
azure_func_00000409_cpu_native,determined_dhawan,66763.7710571289,8839.36882019043,26.513099670410156,20,None,23
azure_func_00000409_cpu_native,intelligent_pascal,66779.56056594849,14663.634538650513,22.15743064880371,0,None,22
azure_func_00000409_cpu_native,musing_keller,66786.91148757935,12995.765447616577,89.43676948547363,0,None,24
azure_func_00000409_cpu_native,goofy_driscoll,66802.53791809082,11335.756540298462,220.81589698791504,0,None,26
azure_func_00000409_cpu_native,intelligent_rosalind,66732.5747013092,9319.564580917358,27.49943733215332,0,None,22
azure_func_00000409_cpu_native,recursing_keller,61421.87809944153,10558.695077896118,239.48311805725098,0,None,26
azure_func_00000409_cpu_native,clever_solomon,61256.79564476013,14143.137216567993,20.551681518554688,0,None,23
azure_func_00000409_cpu_native,suspicious_liskov,61249.882221221924,12551.965713500977,14.091014862060547,0,None,21
azure_func_00000409_cpu_native,loving_khayyam,61231.3928604126,9873.744010925293,223.00267219543457,0,None,26
azure_func_00000409_cpu_native,zealous_babbage,61226.74107551575,7837.886333465576,83.8768482208252,0,None,23
azure_func_00000409_cpu_native,hardcore_meitner,61198.77123832703,5882.774353027344,65.45019149780273,0,None,25
azure_func_00000409_cpu_native,upbeat_jennings,36455.90806007385,13635.362148284912,13173.153162002563,0,None,35
azure_func_00000409_cpu_native,goofy_mcclintock,36090.511322021484,12386.647462844849,32.965660095214844,0,None,22
azure_func_00000409_cpu_native,exciting_shamir,36090.229988098145,9964.221954345703,14.642477035522461,0,None,21
azure_func_00000410_cpu_native,dazzling_noyce,66277.0049571991,12822.534561157227,7211.254596710205,0,None,35
azure_func_00000410_cpu_native,festive_hellman,66273.5002040863,9684.173822402954,4738.7144565582275,0,None,34
azure_func_00000410_cpu_native,practical_carson,66213.2523059845,7759.971141815186,1272.6829051971436,0,None,30
azure_func_00000409_cpu_native,kind_edison,68904.66403961182,0,3131.6616535186768,0,None,32
azure_func_00000409_cpu_native,exciting_buck,68902.85086631775,0,102.74267196655273,0,None,25
azure_func_00000409_cpu_native,flamboyant_dirac,68875.85163116455,0,725.2278327941895,0,None,29
azure_func_00000409_cpu_native,sad_cori,68883.06927680969,5561.513423919678,791.1117076873779,5,None,29
azure_func_00000409_cpu_native,eager_chatelet,68879.26054000854,9288.43069076538,31.289100646972656,59,None,24
azure_func_00000409_cpu_native,elegant_aryabhata,68869.91763114929,14232.699394226074,69.34666633605957,0,None,24
azure_func_00000409_cpu_native,hungry_kare,68629.08172607422,12778.915166854858,182.90972709655762,0,None,26
azure_func_00000409_cpu_native,gifted_gould,68580.75261116028,10568.594694137573,48.38204383850098,0,None,23
azure_func_00000409_cpu_native,keen_hellman,68568.06349754333,8862.367153167725,798.7246513366699,0,None,29
azure_func_00000409_cpu_native,sweet_lehmann,68571.57182693481,6840.056896209717,188.56573104858398,56,None,26
azure_func_00000409_cpu_native,practical_jang,62354.53462600708,12606.645107269287,163.63096237182617,0,None,26
azure_func_00000410_cpu_native,quirky_jennings,61170.478105545044,13426.393747329712,9.190082550048828,0,None,20
azure_func_00000410_cpu_native,interesting_shockley,61029.802322387695,13832.038164138794,61.71011924743652,0,None,24
azure_func_00000410_cpu_native,gracious_easley,61027.883529663086,11147.564172744751,167.15121269226074,0,None,26
azure_func_00000410_cpu_native,tender_newton,61028.7344455719,9166.41116142273,160.18080711364746,4,None,26
azure_func_00000409_cpu_native,sad_mcclintock,62355.21197319031,14001.802921295166,983.0825328826904,6,None,30
azure_func_00000409_cpu_native,determined_cartwright,62256.081104278564,12224.69687461853,11.804580688476562,0,None,21
azure_func_00000409_cpu_native,hardcore_sammet,61642.61341094971,14770.123958587646,130.6436061859131,0,None,26
azure_func_00000409_cpu_native,interesting_perlman,61537.27722167969,13690.04487991333,12.635231018066406,0,None,21
azure_func_00000409_cpu_native,vigorous_kepler,61460.47759056091,10971.861600875854,19.34957504272461,0,None,22
azure_func_00000409_cpu_native,great_mendeleev,61455.3644657135,8981.836795806885,87.07022666931152,0,None,25
azure_func_00000409_cpu_native,reverent_goldstine,61432.92212486267,6239.010810852051,99.72620010375977,0,None,25
azure_func_00000409_cpu_native,frosty_ellis,62221.471309661865,10172.130584716797,1849.8210906982422,0,None,31
azure_func_00000409_cpu_native,xenodochial_jepsen,62070.99175453186,6226.382732391357,26.823759078979492,3,None,22
azure_func_00000410_cpu_native,sad_robinson,61030.75289726257,7376.971244812012,1696.7051029205322,0,None,31
azure_func_00000410_cpu_native,tender_curran,60959.927558898926,5452.143430709839,92.9875373840332,0,None,25
azure_func_00000409_cpu_native,practical_almeida,62631.0875415802,0,687.8719329833984,0,None,29
azure_func_00000409_cpu_native,zen_bell,62586.25674247742,14196.544408798218,183.81094932556152,0,None,26
azure_func_00000409_cpu_native,elastic_noyce,62548.92587661743,14200.164556503296,51.978349685668945,0,None,23
azure_func_00000409_cpu_native,intelligent_jang,62536.128997802734,11389.365434646606,9.34147834777832,0,None,20
azure_func_00000409_cpu_native,exciting_elion,62512.81476020813,9959.45143699646,703.1934261322021,0,None,29
azure_func_00000409_cpu_native,nervous_feistel,62506.28709793091,7555.307149887085,106.5225601196289,28,None,25
azure_func_00000409_cpu_native,nifty_almeida,62447.74794578552,4712.987661361694,28.34939956665039,0,None,22
azure_func_00000410_cpu_native,nostalgic_lumiere,67401.36694908142,10536.744594573975,88.36150169372559,0,None,24
azure_func_00000410_cpu_native,relaxed_cartwright,67280.93528747559,14607.566118240356,18.919944763183594,41,None,21
azure_func_00000409_cpu_native,fervent_hodgkin,61414.54005241394,6453.003883361816,1922.9943752288818,0,None,31
azure_func_00000409_cpu_native,nervous_cerf,62045.8562374115,6523.127555847168,4746.504783630371,0,None,34
azure_func_00000409_cpu_native,frosty_chandrasekhar,62635.185956954956,14959.924221038818,7822.042942047119,0,None,34
azure_func_00000409_cpu_native,relaxed_wu,62578.36604118347,13098.890781402588,27.717113494873047,0,None,22
azure_func_00000409_cpu_native,pedantic_golick,62556.50806427002,9747.854471206665,7599.54833984375,111,None,34
azure_func_00000409_cpu_native,vigorous_ramanujan,62536.2012386322,7582.237482070923,8.278608322143555,0,None,20
azure_func_00000409_cpu_native,cool_lalande,62345.181465148926,6248.16632270813,46.73051834106445,0,None,23
azure_func_00000410_cpu_native,elastic_villani,77807.77406692505,5069.736480712891,198.6525058746338,0,None,26
azure_func_00000410_cpu_native,agitated_brown,77655.9886932373,8262.349367141724,207.40747451782227,0,None,26
azure_func_00000410_cpu_native,quizzical_heisenberg,77611.19985580444,15147.655248641968,2518.9225673675537,0,None,32
azure_func_00000410_cpu_native,practical_cerf,77599.7269153595,13015.124559402466,40.64750671386719,16,None,23
azure_func_00000410_cpu_native,dreamy_taussig,77588.45639228821,11617.046117782593,2513.0200386047363,3,None,32
azure_func_00000410_cpu_native,jovial_williams,77565.12665748596,9415.263652801514,109.41147804260254,0,None,25
azure_func_00000410_cpu_native,relaxed_napier,77437.41297721863,6093.584775924683,13.425588607788086,0,None,21
azure_func_00000410_cpu_native,amazing_yonath,77439.81075286865,4348.670482635498,216.42518043518066,0,None,26
azure_func_00000410_cpu_native,brave_boyd,77403.51390838623,4011.352062225342,9.767770767211914,0,None,20
azure_func_00000410_cpu_native,nice_poincare,67232.36322402954,12697.108030319214,5333.889722824097,0,None,34
azure_func_00000410_cpu_native,charming_moser,67190.6955242157,10966.242551803589,340.61717987060547,0,None,29
azure_func_00000410_cpu_native,agitated_feistel,67153.74422073364,7959.676027297974,16.300678253173828,0,None,21
azure_func_00000410_cpu_native,awesome_chandrasekhar,67149.58667755127,5462.522506713867,197.33357429504395,0,None,26
azure_func_00000410_cpu_native,admiring_hawking,67138.72289657593,4535.434007644653,14.742136001586914,0,None,21
azure_func_00000409_cpu_native,eloquent_kepler,85724.11608695984,4004.4827461242676,84.20467376708984,0,None,24
azure_func_00000410_cpu_native,youthful_herschel,87850.4753112793,3882.791757583618,256.2243938446045,0,None,26
azure_func_00000409_cpu_native,festive_jennings,85652.94551849365,4246.435880661011,3259.86909866333,3,None,32
azure_func_00000409_cpu_native,intelligent_swartz,85614.43161964417,8360.661268234253,2695.641279220581,0,None,32
azure_func_00000409_cpu_native,flamboyant_cray,85575.9654045105,13808.028936386108,18.221378326416016,0,None,21
azure_func_00000409_cpu_native,laughing_shtern,85574.93090629578,13691.351413726807,192.60144233703613,0,None,26
azure_func_00000409_cpu_native,elegant_cannon,85564.2454624176,10974.934339523315,111.55247688293457,0,None,25
azure_func_00000409_cpu_native,nervous_booth,85571.57731056213,10110.222578048706,1536.7772579193115,0,None,32
azure_func_00000409_cpu_native,infallible_dijkstra,85470.05796432495,8016.113758087158,49.64804649353027,52,None,23
azure_func_00000409_cpu_native,unruffled_meninsky,85447.85213470459,4670.871734619141,34.95669364929199,0,None,23
azure_func_00000409_cpu_native,reverent_cohen,85447.01385498047,4475.4931926727295,2815.305471420288,0,None,32
azure_func_00000409_cpu_native,unruffled_nobel,85372.09224700928,2510.962724685669,982.630729675293,0,None,30
azure_func_00000410_cpu_native,zen_agnesi,87838.49477767944,4846.977233886719,1890.4187679290771,0,None,32
azure_func_00000410_cpu_native,brave_davinci,87760.22410392761,7342.970132827759,158.82205963134766,0,None,26
azure_func_00000410_cpu_native,bold_golick,87735.83197593689,13359.416007995605,12.770652770996094,0,None,21
azure_func_00000410_cpu_native,zealous_ganguly,87713.07373046875,13511.748552322388,13.481378555297852,0,None,21
azure_func_00000410_cpu_native,focused_hofstadter,87644.21653747559,11688.30418586731,191.3583278656006,0,None,26
azure_func_00000410_cpu_native,thirsty_bhabha,87573.6391544342,9703.744888305664,127.18367576599121,3,None,25
azure_func_00000410_cpu_native,festive_clarke,87555.7074546814,6392.902612686157,24.286508560180664,0,None,22
azure_func_00000410_cpu_native,condescending_swartz,87555.32145500183,5414.894580841064,1256.5770149230957,0,None,30
azure_func_00000410_cpu_native,epic_zhukovsky,87551.6414642334,4891.3421630859375,15.089035034179688,0,None,21
azure_func_00000410_cpu_native,optimistic_ritchie,87548.21920394897,2926.5100955963135,11.824369430541992,46,None,20
azure_func_00000410_cpu_native,dreamy_khayyam,87451.60937309265,2991.2939071655273,152.54664421081543,0,None,26
azure_func_00000409_cpu_native,upbeat_hugle,81767.99774169922,0,11.407852172851562,0,None,20
azure_func_00000409_cpu_native,trusting_jennings,81709.27572250366,0,1483.893632888794,0,None,33
azure_func_00000409_cpu_native,pedantic_kapitsa,81655.06291389465,0,184.74125862121582,0,None,26
azure_func_00000409_cpu_native,clever_dijkstra,81638.48614692688,11514.992952346802,62.98184394836426,0,None,23
azure_func_00000409_cpu_native,dreamy_euler,81646.5356349945,14040.419101715088,178.76172065734863,0,None,26
azure_func_00000409_cpu_native,hardcore_lehmann,81642.14992523193,12634.121417999268,70.8158016204834,9,None,24
azure_func_00000409_cpu_native,hardcore_hopper,81634.98163223267,11155.148029327393,48.30765724182129,0,None,23
azure_func_00000409_cpu_native,competent_montalcini,81631.85930252075,6042.616605758667,12.407064437866211,0,None,20
azure_func_00000409_cpu_native,determined_curran,81628.67331504822,6762.767314910889,31.612396240234375,87,None,23
azure_func_00000409_cpu_native,dazzling_heisenberg,81599.69592094421,4765.20299911499,10.803699493408203,0,None,22
azure_func_00000409_cpu_native,hardcore_tharp,81589.58888053894,3664.3142700195312,1509.4962120056152,0,None,33
azure_func_00000409_cpu_native,angry_wiles,81590.6674861908,3046.3550090789795,106.1863899230957,0,None,25
azure_func_00000409_cpu_native,happy_kirch,81595.712184906,2379.9288272857666,53.31993103027344,46,None,24
azure_func_00000409_cpu_native,agitated_buck,81587.03231811523,2626.2869834899902,30.779600143432617,0,None,22
azure_func_00000409_cpu_native,keen_lichterman,81490.97013473511,2247.0154762268066,150.15840530395508,0,None,26
azure_func_00000409_cpu_native,loving_shockley,84918.95580291748,0,20.929574966430664,0,None,20
azure_func_00000409_cpu_native,beautiful_tharp,84896.59190177917,0,4159.2230796813965,0,None,34
azure_func_00000409_cpu_native,cranky_ishizaka,84845.19529342651,0,4259.925603866577,0,None,35
azure_func_00000409_cpu_native,keen_bardeen,84805.92155456543,11763.516902923584,48.67839813232422,10,None,23
azure_func_00000409_cpu_native,interesting_tharp,84768.75591278076,14202.89158821106,67.70777702331543,1,None,24
azure_func_00000409_cpu_native,romantic_mccarthy,84763.73958587646,12604.30359840393,27.515172958374023,0,None,22
azure_func_00000409_cpu_native,zen_turing,84695.11342048645,9880.720853805542,28.470754623413086,0,None,22
azure_func_00000409_cpu_native,hardcore_einstein,84676.89847946167,7851.006269454956,2099.7796058654785,0,None,33
azure_func_00000409_cpu_native,jovial_mendel,84666.36753082275,5552.678823471069,31.939268112182617,73,None,22
azure_func_00000409_cpu_native,intelligent_brattain,84648.113489151,4617.332935333252,80.20734786987305,0,None,24
azure_func_00000409_cpu_native,nice_brattain,84624.63283538818,3726.1457443237305,191.93029403686523,0,None,26
azure_func_00000409_cpu_native,awesome_cray,84598.45209121704,3316.3058757781982,4200.511932373047,65,None,35
azure_func_00000409_cpu_native,lucid_albattani,84601.1426448822,2770.885229110718,44.68941688537598,0,None,23
azure_func_00000409_cpu_native,romantic_johnson,84576.39455795288,2976.1202335357666,84.1681957244873,0,None,24
azure_func_00000409_cpu_native,distracted_chaplygin,84579.01978492737,2338.376760482788,55.58180809020996,21,None,23
azure_func_00000409_cpu_native,musing_galois,84533.46848487854,2387.627363204956,1281.4147472381592,0,None,31
azure_func_00000409_cpu_native,tender_bhaskara,97247.33519554138,6147.650480270386,15.274286270141602,0,None,21
azure_func_00000409_cpu_native,stoic_shaw,97222.79691696167,10223.19769859314,15.81573486328125,0,None,21
azure_func_00000409_cpu_native,funny_saha,97211.8833065033,14791.364669799805,14.971733093261719,0,None,21
azure_func_00000410_cpu_native,charming_neumann,90152.74238586426,12100.175619125366,178.7867546081543,0,None,26
azure_func_00000410_cpu_native,affectionate_sammet,90152.20642089844,14500.686645507812,6.349325180053711,0,None,20
azure_func_00000410_cpu_native,pedantic_banzai,90154.05893325806,11970.085859298706,101.8669605255127,0,None,25
azure_func_00000410_cpu_native,distracted_hamilton,90149.16849136353,10710.49952507019,11.729001998901367,0,None,20
azure_func_00000410_cpu_native,goofy_williams,90143.82600784302,6320.692300796509,8.271455764770508,0,None,20
azure_func_00000410_cpu_native,eager_newton,90139.1224861145,6192.986249923706,42.60683059692383,0,None,23
azure_func_00000410_cpu_native,condescending_volhard,90135.17332077026,3844.3288803100586,38.159847259521484,0,None,23
azure_func_00000410_cpu_native,charming_driscoll,90131.9649219513,4043.7357425689697,584.7036838531494,0,None,29
azure_func_00000410_cpu_native,ecstatic_dhawan,90095.01528739929,3088.2065296173096,171.83518409729004,0,None,26
azure_func_00000410_cpu_native,awesome_torvalds,90088.37175369263,2423.7639904022217,2347.977876663208,0,None,33
azure_func_00000410_cpu_native,compassionate_hamilton,90087.47673034668,3568.1841373443604,23.55504035949707,0,None,22
azure_func_00000410_cpu_native,gifted_wozniak,90081.25400543213,3063.441038131714,15.281915664672852,0,None,21
azure_func_00000410_cpu_native,priceless_antonelli,90063.96722793579,2884.725332260132,35.555124282836914,0,None,22
azure_func_00000410_cpu_native,mystifying_mclean,90067.28839874268,2308.701753616333,196.3355541229248,0,None,26
azure_func_00000410_cpu_native,angry_kare,89954.04744148254,2142.3614025115967,1220.2746868133545,0,None,32
azure_func_00000409_cpu_native,suspicious_yonath,97212.00370788574,12991.425514221191,4624.2547035217285,0,None,35
azure_func_00000409_cpu_native,angry_kalam,97208.84323120117,10096.383571624756,1907.9792499542236,0,None,32
azure_func_00000409_cpu_native,nifty_brown,97212.32318878174,8151.072263717651,165.84539413452148,0,None,25
azure_func_00000409_cpu_native,competent_dirac,97209.97595787048,5718.2745933532715,70.6028938293457,0,None,24
azure_func_00000409_cpu_native,sweet_antonelli,97203.21655273438,4646.209001541138,8.816242218017578,0,None,20
azure_func_00000409_cpu_native,kind_ritchie,97199.73564147949,3908.541440963745,161.73887252807617,0,None,26
azure_func_00000409_cpu_native,serene_meninsky,97181.6611289978,3153.588056564331,122.94816970825195,2,None,25
azure_func_00000409_cpu_native,distracted_hermann,97173.03705215454,3847.634792327881,28.130531311035156,25,None,22
azure_func_00000409_cpu_native,wizardly_shaw,97137.40587234497,2088.7556076049805,1058.1793785095215,0,None,30
azure_func_00000409_cpu_native,festive_carver,97055.27186393738,2096.463918685913,7.966041564941406,0,None,20
azure_func_00000409_cpu_native,heuristic_brahmagupta,97037.95099258423,2996.7827796936035,71.51365280151367,0,None,24
azure_func_00000409_cpu_native,stoic_ride,96996.25849723816,2807.716131210327,31.623125076293945,0,None,22
azure_func_00000409_cpu_native,wizardly_jemison,96986.7582321167,2540.3950214385986,419.891357421875,0,None,28
azure_func_00000410_cpu_native,great_napier,95707.42464065552,11359.936475753784,121.08922004699707,0,None,25
azure_func_00000410_cpu_native,brave_hypatia,95705.70421218872,13977.33998298645,205.4300308227539,3,None,26
azure_func_00000410_cpu_native,youthful_banach,95641.26658439636,12183.356761932373,77.87585258483887,0,None,24
azure_func_00000410_cpu_native,elated_clarke,102155.9739112854,6220.335245132446,2130.7754516601562,0,None,32
azure_func_00000410_cpu_native,reverent_matsumoto,102149.3513584137,10035.419464111328,8.591890335083008,0,None,20
azure_func_00000410_cpu_native,quizzical_hamilton,102122.39813804626,14363.02924156189,2267.979621887207,0,None,33
azure_func_00000410_cpu_native,serene_hawking,102118.72696876526,13722.378253936768,45.37320137023926,0,None,23
azure_func_00000410_cpu_native,quizzical_moser,102118.27540397644,10052.4160861969,13.165473937988281,0,None,21
azure_func_00000410_cpu_native,zen_boyd,102109.89212989807,8039.69669342041,64.26167488098145,5,None,24
azure_func_00000410_cpu_native,gifted_shirley,102094.11382675171,6569.957256317139,64.79716300964355,69,None,24
azure_func_00000410_cpu_native,zen_banzai,102092.50330924988,3980.262279510498,1861.3801002502441,0,None,33
azure_func_00000410_cpu_native,cranky_proskuriakova,102087.81027793884,3967.9970741271973,37.283897399902344,0,None,23
azure_func_00000410_cpu_native,nostalgic_cohen,102088.210105896,3471.008539199829,23.260831832885742,100,None,22
azure_func_00000410_cpu_native,frosty_hellman,102073.22716712952,3291.3310527801514,1203.1409740447998,0,None,31
azure_func_00000410_cpu_native,sleepy_nobel,102027.5650024414,3180.4211139678955,51.11050605773926,0,None,22
azure_func_00000410_cpu_native,brave_cartwright,101992.4464225769,2154.352903366089,232.1169376373291,79,None,26
azure_func_00000410_cpu_native,quizzical_einstein5,101954.75244522095,2553.082227706909,39.520978927612305,0,None,23
azure_func_00000410_cpu_native,trusting_nobel,101899.92952346802,2989.2282485961914,853.4855842590332,0,None,30
azure_func_00000410_cpu_native,nervous_hypatia,101836.53974533081,1894.0660953521729,27.976274490356445,0,None,22
azure_func_00000410_cpu_native,stupefied_sutherland,95599.73859786987,10503.915071487427,1857.6350212097168,1,None,33
azure_func_00000410_cpu_native,distracted_hofstadter,101846.9569683075,2181.5896034240723,3171.236991882324,0,None,34
azure_func_00000410_cpu_native,happy_tharp,101805.11403083801,2374.922752380371,12.936830520629883,0,None,20
azure_func_00000410_cpu_native,interesting_nash,95561.99026107788,6958.914756774902,2444.4637298583984,0,None,34
azure_func_00000410_cpu_native,wizardly_ishizaka,95498.35658073425,6832.772016525269,11.67440414428711,0,None,21
azure_func_00000410_cpu_native,compassionate_dubinsky,95456.08615875244,4513.564825057983,177.83689498901367,0,None,26
azure_func_00000410_cpu_native,elated_greider,95453.09734344482,4079.7924995422363,1735.29052734375,0,None,33
azure_func_00000410_cpu_native,great_bassi,95452.49915122986,3096.0423946380615,1667.015790939331,0,None,32
azure_func_00000410_cpu_native,trusting_brahmagupta,95443.6092376709,2714.900255203247,64.7587776184082,0,None,22
azure_func_00000410_cpu_native,magical_davinci,95444.54765319824,3412.7907752990723,126.04451179504395,27,None,25
azure_func_00000410_cpu_native,fervent_pare,95428.69091033936,3485.053539276123,3519.7622776031494,0,None,35
azure_func_00000410_cpu_native,nice_benz,95392.93909072876,2627.617359161377,120.27788162231445,0,None,25
azure_func_00000410_cpu_native,pedantic_kirch,95389.33229446411,2238.309621810913,24.29485321044922,88,None,22
azure_func_00000410_cpu_native,eloquent_volhard,95352.16951370239,2322.1466541290283,60.20069122314453,0,None,23
azure_func_00000410_cpu_native,wizardly_elgamal,95344.8748588562,2128.596067428589,15.063762664794922,0,None,21
azure_func_00000410_cpu_native,magical_galois,95350.55541992188,2092.599391937256,52.579402923583984,0,None,23
azure_func_00000410_cpu_native,elastic_snyder,103568.17364692688,11942.13604927063,178.9877414703369,0,None,26
azure_func_00000410_cpu_native,ecstatic_proskuriakova,103561.46740913391,14117.026567459106,1243.8104152679443,0,None,30
azure_func_00000409_cpu_native,gifted_feynman,104165.55833816528,11730.358123779297,1431.4091205596924,0,None,32
azure_func_00000409_cpu_native,modest_nobel,104156.64935112,3950.810194015503,29.119253158569336,0,None,22
azure_func_00000409_cpu_native,loving_lederberg,104147.75276184082,13805.459976196289,76.91240310668945,0,None,24
azure_func_00000409_cpu_native,vigorous_khayyam,104147.1757888794,11554.610252380371,39.94250297546387,0,None,23
azure_func_00000409_cpu_native,elegant_jang,104144.4354057312,9893.075704574585,145.2932357788086,0,None,25
azure_func_00000410_cpu_native,laughing_allen,103557.0797920227,12519.955396652222,2548.6271381378174,0,None,33
azure_func_00000410_cpu_native,busy_ellis,103498.71182441711,9465.638160705566,2611.024856567383,0,None,33
azure_func_00000410_cpu_native,epic_hodgkin,103494.64559555054,7751.626968383789,1823.852777481079,23,None,32
azure_func_00000410_cpu_native,trusting_galileo,103486.24324798584,5306.277751922607,11.200666427612305,0,None,20
azure_func_00000410_cpu_native,quirky_wiles,103485.76164245605,3891.876220703125,83.5256576538086,0,None,24
azure_func_00000410_cpu_native,dazzling_hoover,103479.66194152832,4243.561506271362,14.427900314331055,1,None,21
azure_func_00000410_cpu_native,laughing_volhard,103469.28429603577,3089.7843837738037,429.7325611114502,0,None,28
azure_func_00000410_cpu_native,interesting_wright,103469.74205970764,3055.3815364837646,14.99629020690918,0,None,21
azure_func_00000410_cpu_native,sleepy_bardeen,103478.7495136261,2061.2399578094482,25.139331817626953,0,None,22
azure_func_00000410_cpu_native,nifty_haibt,103466.79615974426,2032.644510269165,1067.2008991241455,0,None,32
azure_func_00000410_cpu_native,friendly_nightingale,103439.09120559692,3125.901222229004,88.33169937133789,0,None,25
azure_func_00000410_cpu_native,flamboyant_hellman,103444.67496871948,2788.388967514038,1482.7866554260254,0,None,31
azure_func_00000410_cpu_native,practical_shamir,103440.02604484558,2564.272880554199,1541.7373180389404,35,None,32
azure_func_00000410_cpu_native,interesting_wilson,103436.40875816345,2407.759666442871,771.6324329376221,0,None,29
azure_func_00000410_cpu_native,relaxed_kapitsa,103437.5569820404,2195.6872940063477,2011.6734504699707,0,None,33
azure_func_00000410_cpu_native,naughty_galileo,103439.27216529846,2225.069046020508,245.61238288879395,0,None,27
azure_func_00000410_cpu_native,priceless_chaum,103430.98664283752,1500.3392696380615,19.43492889404297,0,None,21
azure_func_00000410_cpu_native,sad_jackson,103429.26073074341,1447.8018283843994,66.56908988952637,20,None,24
azure_func_00000410_cpu_native,reverent_wright,103399.13558959961,1536.2143516540527,61.9044303894043,26,None,24
azure_func_00000409_cpu_native,condescending_ishizaka,118414.72101211548,3770.188570022583,586.2979888916016,2,None,29
azure_func_00000409_cpu_native,suspicious_cartwright,118373.45266342163,5916.814088821411,17.19522476196289,0,None,22
azure_func_00000409_cpu_native,youthful_beaver,118301.58066749573,9271.986961364746,208.62293243408203,0,None,26
azure_func_00000409_cpu_native,musing_hugle,118289.07799720764,14835.421800613403,126.6484260559082,0,None,25
azure_func_00000409_cpu_native,gracious_shannon,118288.60402107239,13494.93670463562,8.29458236694336,1,None,20
azure_func_00000409_cpu_native,stoic_bohr,118288.92469406128,10446.40827178955,948.9936828613281,0,None,31
azure_func_00000409_cpu_native,sweet_pascal,118291.56923294067,8366.416692733765,151.8099308013916,0,None,25
azure_func_00000409_cpu_native,gifted_bhabha,104128.16333770752,6315.464735031128,2923.9513874053955,0,None,34
azure_func_00000409_cpu_native,xenodochial_shamir,104132.6813697815,5563.872814178467,15.472173690795898,0,None,21
azure_func_00000409_cpu_native,romantic_mayer,104127.27952003479,4529.492616653442,87.63408660888672,0,None,24
azure_func_00000409_cpu_native,heuristic_kirch,104127.53987312317,3591.4313793182373,318.4671401977539,3,None,27
azure_func_00000410_cpu_native,hungry_ishizaka,103347.9995727539,1440.4828548431396,3673.5639572143555,5,None,34
azure_func_00000410_cpu_native,stoic_pascal,103258.48460197449,1585.864782333374,20.203113555908203,0,None,22
azure_func_00000409_cpu_native,bold_taussig,118289.85452651978,6299.903631210327,1762.4943256378174,0,None,33
azure_func_00000409_cpu_native,focused_hodgkin,118282.22513198853,4371.574401855469,16.78466796875,0,None,20
azure_func_00000409_cpu_native,objective_payne,118267.01521873474,4064.943790435791,44.6932315826416,0,None,22
azure_func_00000409_cpu_native,jolly_snyder,118266.78824424744,3315.6683444976807,975.4855632781982,0,None,32
azure_func_00000409_cpu_native,funny_banzai,118263.11707496643,2857.0969104766846,21.899938583374023,24,None,22
azure_func_00000409_cpu_native,determined_golick,118266.59822463989,2956.1281204223633,813.8477802276611,0,None,31
azure_func_00000409_cpu_native,sharp_clarke,118269.83618736267,2176.363706588745,16.16191864013672,0,None,20
azure_func_00000409_cpu_native,hungry_murdock,118259.80687141418,3235.6767654418945,633.2371234893799,0,None,30
azure_func_00000409_cpu_native,interesting_khayyam,118241.71209335327,3346.538543701172,28.04255485534668,0,None,21
azure_func_00000409_cpu_native,crazy_greider,118247.83110618591,2339.9806022644043,20.3397274017334,0,None,21
azure_func_00000409_cpu_native,agitated_rubin,118249.72176551819,2351.191520690918,67.82341003417969,0,None,24
azure_func_00000409_cpu_native,heuristic_mendeleev,118228.34634780884,2088.0422592163086,54.097890853881836,0,None,23
azure_func_00000409_cpu_native,focused_pike,118248.45147132874,1979.6056747436523,7.173299789428711,111,None,20
azure_func_00000409_cpu_native,zen_wiles,118247.40362167358,1541.1946773529053,63.81845474243164,0,None,25
azure_func_00000409_cpu_native,intelligent_ramanujan,118212.86177635193,1473.982334136963,51.709890365600586,0,None,24
azure_func_00000409_cpu_native,stoic_heisenberg,104108.34980010986,3227.902412414551,3330.747365951538,0,None,35
azure_func_00000409_cpu_native,funny_clarke,104104.77709770203,2441.1511421203613,175.9648323059082,0,None,25
azure_func_00000409_cpu_native,adoring_wozniak,104085.06345748901,2486.3030910491943,103.18922996520996,0,None,24
azure_func_00000409_cpu_native,beautiful_saha,104076.89189910889,3154.255151748657,100.71301460266113,0,None,24
azure_func_00000409_cpu_native,agitated_turing,104062.1440410614,2146.9860076904297,39.650917053222656,0,None,23
azure_func_00000409_cpu_native,optimistic_keldysh6,104063.41099739075,2236.6085052490234,162.88089752197266,0,None,25
azure_func_00000409_cpu_native,distracted_edison,104061.1264705658,2150.7785320281982,1764.329433441162,0,None,32
azure_func_00000409_cpu_native,pensive_wright,104071.1760520935,2384.6919536590576,127.68721580505371,14,None,24
azure_func_00000409_cpu_native,compassionate_wescoff,104045.93324661255,2011.5833282470703,56.36024475097656,0,None,24
azure_func_00000409_cpu_native,flamboyant_greider,104056.22053146362,2026.1266231536865,46.83399200439453,0,None,23
azure_func_00000409_cpu_native,funny_blackburn,104058.79139900208,1575.9108066558838,16.469955444335938,0,None,21
azure_func_00000409_cpu_native,sweet_faraday,118221.684217453,1592.8399562835693,2148.958921432495,0,None,34
azure_func_00000409_cpu_native,inspiring_cray,118226.13334655762,1700.1821994781494,64.03827667236328,0,None,23
azure_func_00000409_cpu_native,cool_saha,118216.07065200806,1596.2042808532715,1133.941888809204,0,None,33
azure_func_00000409_cpu_native,admiring_mendeleev,118207.18216896057,1701.1065483093262,23.081064224243164,0,None,22
azure_func_00000409_cpu_native,blissful_shtern,104048.4778881073,1572.2932815551758,4281.953811645508,0,None,35
azure_func_00000409_cpu_native,trusting_engelbart,104029.03604507446,1577.129602432251,20.6911563873291,11,None,22
azure_func_00000409_cpu_native,youthful_varahamihira,104026.71313285828,1492.4960136413574,327.78191566467285,0,None,27
azure_func_00000409_cpu_native,mystifying_johnson,103884.88984107971,1562.2963905334473,2706.662654876709,0,None,34
azure_func_00000410_cpu_native,xenodochial_varahamihira,121672.49059677124,0,72.79467582702637,0,None,24
azure_func_00000410_cpu_native,brave_mestorf,121670.97902297974,0,710.1385593414307,0,None,31
azure_func_00000410_cpu_native,eager_kare,121668.39241981506,0,498.5229969024658,0,None,30
azure_func_00000410_cpu_native,fervent_satoshi,121662.6341342926,3753.7052631378174,121.11973762512207,0,None,25
azure_func_00000410_cpu_native,reverent_kalam,121656.43215179443,5902.556657791138,13.205528259277344,0,None,20
azure_func_00000410_cpu_native,magical_yalow,121646.8653678894,9635.043859481812,115.84162712097168,0,None,25
azure_func_00000410_cpu_native,awesome_khayyam,121572.61896133423,14894.524812698364,21.66438102722168,0,None,21
azure_func_00000410_cpu_native,quizzical_bhaskara,121563.9214515686,12623.086214065552,1842.7422046661377,0,None,34
azure_func_00000410_cpu_native,busy_snyder,121557.76643753052,9895.42031288147,72.81661033630371,0,None,24
azure_func_00000410_cpu_native,cool_hypatia,121533.29706192017,8956.550121307373,62.447309494018555,0,None,24
azure_func_00000410_cpu_native,clever_swartz,121526.3979434967,6343.78457069397,133.35180282592773,0,None,25
azure_func_00000410_cpu_native,peaceful_gates,121527.3015499115,3989.3338680267334,67.657470703125,2,None,24
azure_func_00000410_cpu_native,nostalgic_jackson,121531.60834312439,4087.5563621520996,25.29740333557129,0,None,22
azure_func_00000410_cpu_native,tender_mayer,121534.21926498413,4059.763193130493,144.49095726013184,1,None,26
azure_func_00000410_cpu_native,lucid_hellman,121528.64933013916,2671.6349124908447,12.330055236816406,0,None,20
azure_func_00000410_cpu_native,dazzling_zhukovsky,121516.39938354492,2593.5299396514893,35.5534553527832,0,None,23
azure_func_00000410_cpu_native,frosty_buck4,121516.15047454834,2567.349433898926,1105.4279804229736,0,None,33
azure_func_00000410_cpu_native,nostalgic_shtern,121508.41808319092,2851.5050411224365,841.296911239624,0,None,32
azure_func_00000410_cpu_native,elegant_euclid,121508.50868225098,3124.3441104888916,2605.112314224243,8,None,35
azure_func_00000410_cpu_native,nervous_jang,121509.79948043823,2422.0006465911865,24.625778198242188,0,None,22
azure_func_00000410_cpu_native,gallant_lumiere,121515.8212184906,2705.0178050994873,152.83918380737305,0,None,26
azure_func_00000410_cpu_native,festive_gagarin,121499.67741966248,1865.2777671813965,50.455570220947266,0,None,23
azure_func_00000410_cpu_native,awesome_tesla,121501.19495391846,2377.64048576355,41.123151779174805,0,None,22
azure_func_00000410_cpu_native,laughing_bohr,121504.73642349243,1466.2396907806396,24.139881134033203,20,None,22
azure_func_00000410_cpu_native,nifty_gates,121518.94927024841,1580.3430080413818,24.518489837646484,18,None,21
azure_func_00000410_cpu_native,hopeful_hoover,121517.75240898132,1510.223627090454,1519.9522972106934,0,None,34
azure_func_00000410_cpu_native,gracious_nash,121502.17461585999,1341.0656452178955,112.05530166625977,0,None,25
azure_func_00000410_cpu_native,crazy_kare,121505.04493713379,1523.829698562622,307.5392246246338,0,None,29
azure_func_00000410_cpu_native,loving_elbakyan,121461.91263198853,2243.985652923584,153.04088592529297,3,None,26
azure_func_00000410_cpu_native,zealous_margulis,121444.89598274231,1490.4735088348389,66.63346290588379,0,None,24
azure_func_00000410_cpu_native,great_blackburn,121475.95763206482,946.7880725860596,38.68508338928223,45,None,23
azure_func_00000410_cpu_native,infallible_johnson,121448.8172531128,931.9705963134766,189.67342376708984,0,None,27
