workflow,e2e_latency
azure_bench_app_00000116_io_native,2.2386224269866943
azure_bench_app_00000117_io_native,69.38345718383789
azure_bench_app_00000117_io_native,69.38345718383789
azure_bench_app_00000117_io_native,69.38345718383789
azure_bench_app_00000117_io_native,69.38345718383789
azure_bench_app_00000117_io_native,69.38345718383789
azure_bench_app_00000117_io_native,69.38345718383789
azure_bench_app_00000117_io_native,69.38345718383789
azure_bench_app_00000117_io_native,69.38345718383789
azure_bench_app_00000117_io_native,69.38345718383789
azure_bench_app_00000117_io_native,69.38345718383789
azure_bench_app_00000117_io_native,69.38345718383789
azure_bench_app_00000117_io_native,69.38345718383789
azure_bench_app_00000117_io_native,69.38345718383789
azure_bench_app_00000117_io_native,69.38345718383789
azure_bench_app_00000117_io_native,69.38345718383789
azure_bench_app_00000117_io_native,69.38345718383789
azure_bench_app_00000117_io_native,69.38345718383789
azure_bench_app_00000117_io_native,69.38345718383789
azure_bench_app_00000117_io_native,69.38345718383789
azure_bench_app_00000117_io_native,69.38345718383789
azure_bench_app_00000117_io_native,69.38345718383789
azure_bench_app_00000117_io_native,69.38345718383789
azure_bench_app_00000117_io_native,69.38345718383789
azure_bench_app_00000117_io_native,69.38345718383789
azure_bench_app_00000117_io_native,69.38345718383789
azure_bench_app_00000117_io_native,69.38345718383789
azure_bench_app_00000117_io_native,69.38345718383789
azure_bench_app_00000117_io_native,69.38345718383789
azure_bench_app_00000117_io_native,69.38345718383789
azure_bench_app_00000117_io_native,69.38345718383789
azure_bench_app_00000117_io_native,69.38345718383789
azure_bench_app_00000117_io_native,69.38345718383789
azure_bench_app_00000117_io_native,69.38345718383789
azure_bench_app_00000117_io_native,69.38345718383789
azure_bench_app_00000117_io_native,69.38345718383789
azure_bench_app_00000117_io_native,69.38345718383789
azure_bench_app_00000117_io_native,69.38345718383789
azure_bench_app_00000117_io_native,69.38345718383789
azure_bench_app_00000117_io_native,69.38345718383789
azure_bench_app_00000117_io_native,69.38345718383789
azure_bench_app_00000117_io_native,69.38345718383789
azure_bench_app_00000117_io_native,69.38345718383789
azure_bench_app_00000117_io_native,69.38345718383789
azure_bench_app_00000117_io_native,69.38345718383789
azure_bench_app_00000117_io_native,69.38345718383789
azure_bench_app_00000117_io_native,69.38345718383789
azure_bench_app_00000117_io_native,69.38345718383789
azure_bench_app_00000117_io_native,69.38345718383789
azure_bench_app_00000117_io_native,69.38345718383789
azure_bench_app_00000117_io_native,69.38345718383789
azure_bench_app_00000117_io_native,69.38345718383789
azure_bench_app_00000117_io_native,69.38345718383789
azure_bench_app_00000117_io_native,69.38345718383789
azure_bench_app_00000117_io_native,69.38345718383789
azure_bench_app_00000117_io_native,69.38345718383789
azure_bench_app_00000117_io_native,69.38345718383789
azure_bench_app_00000117_io_native,69.38345718383789
azure_bench_app_00000117_io_native,69.38345718383789
azure_bench_app_00000117_io_native,69.38345718383789
azure_bench_app_00000117_io_native,69.38345718383789
azure_bench_app_00000117_io_native,69.38345718383789
azure_bench_app_00000117_io_native,69.38345718383789
azure_bench_app_00000117_io_native,69.38345718383789
azure_bench_app_00000117_io_native,69.38345718383789
azure_bench_app_00000117_io_native,69.38345718383789
azure_bench_app_00000117_io_native,69.38345718383789
azure_bench_app_00000117_io_native,69.38345718383789
azure_bench_app_00000117_io_native,69.38345718383789
azure_bench_app_00000117_io_native,69.38345718383789
azure_bench_app_00000117_io_native,69.38345718383789
azure_bench_app_00000117_io_native,69.38345718383789
azure_bench_app_00000117_io_native,69.38345718383789
azure_bench_app_00000117_io_native,69.38345718383789
azure_bench_app_00000117_io_native,69.38345718383789
azure_bench_app_00000117_io_native,69.38345718383789
azure_bench_app_00000117_io_native,69.38345718383789
azure_bench_app_00000117_io_native,69.38345718383789
azure_bench_app_00000117_io_native,69.38345718383789
azure_bench_app_00000117_io_native,69.38345718383789
azure_bench_app_00000117_io_native,69.38345718383789
azure_bench_app_00000117_io_native,69.38345718383789
azure_bench_app_00000117_io_native,69.38345718383789
azure_bench_app_00000117_io_native,69.38345718383789
azure_bench_app_00000117_io_native,69.38345718383789
azure_bench_app_00000117_io_native,69.38345718383789
azure_bench_app_00000117_io_native,69.38345718383789
azure_bench_app_00000117_io_native,69.38345718383789
azure_bench_app_00000117_io_native,69.38345718383789
azure_bench_app_00000117_io_native,69.38345718383789
azure_bench_app_00000117_io_native,69.38345718383789
azure_bench_app_00000117_io_native,69.38345718383789
azure_bench_app_00000117_io_native,69.38345718383789
azure_bench_app_00000117_io_native,69.38345718383789
azure_bench_app_00000117_io_native,69.38345718383789
azure_bench_app_00000117_io_native,69.38345718383789
azure_bench_app_00000117_io_native,69.38345718383789
azure_bench_app_00000117_io_native,69.38345718383789
azure_bench_app_00000117_io_native,69.38345718383789
azure_bench_app_00000117_io_native,69.38345718383789
azure_bench_app_00000117_io_native,69.38345718383789
azure_bench_app_00000117_io_native,69.38345718383789
azure_bench_app_00000117_io_native,69.38345718383789
azure_bench_app_00000117_io_native,69.38345718383789
azure_bench_app_00000117_io_native,69.38345718383789
azure_bench_app_00000117_io_native,69.38345718383789
azure_bench_app_00000117_io_native,69.38345718383789
azure_bench_app_00000117_io_native,69.38345718383789
azure_bench_app_00000117_io_native,69.38345718383789
azure_bench_app_00000117_io_native,69.38345718383789
azure_bench_app_00000117_io_native,69.38345718383789
azure_bench_app_00000117_io_native,69.38345718383789
azure_bench_app_00000117_io_native,69.38345718383789
azure_bench_app_00000117_io_native,69.38345718383789
azure_bench_app_00000117_io_native,69.38345718383789
azure_bench_app_00000117_io_native,69.38345718383789
azure_bench_app_00000117_io_native,69.38345718383789
azure_bench_app_00000117_io_native,69.38345718383789
azure_bench_app_00000117_io_native,69.38345718383789
azure_bench_app_00000117_io_native,69.38345718383789
azure_bench_app_00000117_io_native,69.38345718383789
azure_bench_app_00000117_io_native,69.38345718383789
azure_bench_app_00000117_io_native,69.38345718383789
azure_bench_app_00000117_io_native,69.38345718383789
azure_bench_app_00000117_io_native,69.38345718383789
azure_bench_app_00000117_io_native,69.38345718383789
azure_bench_app_00000117_io_native,69.38345718383789
azure_bench_app_00000117_io_native,69.38345718383789
azure_bench_app_00000117_io_native,69.38345718383789
azure_bench_app_00000117_io_native,69.38345718383789
azure_bench_app_00000117_io_native,69.38345718383789
azure_bench_app_00000117_io_native,69.38345718383789
azure_bench_app_00000117_io_native,69.38345718383789
azure_bench_app_00000117_io_native,69.38345718383789
azure_bench_app_00000117_io_native,69.38345718383789
azure_bench_app_00000117_io_native,69.38345718383789
azure_bench_app_00000117_io_native,69.38345718383789
azure_bench_app_00000117_io_native,69.38345718383789
azure_bench_app_00000117_io_native,69.38345718383789
azure_bench_app_00000117_io_native,69.38345718383789
azure_bench_app_00000117_io_native,69.38345718383789
azure_bench_app_00000117_io_native,69.38345718383789
azure_bench_app_00000117_io_native,69.38345718383789
azure_bench_app_00000117_io_native,69.38345718383789
azure_bench_app_00000117_io_native,69.38345718383789
azure_bench_app_00000117_io_native,69.38345718383789
azure_bench_app_00000117_io_native,69.38345718383789
azure_bench_app_00000117_io_native,69.38345718383789
azure_bench_app_00000117_io_native,69.38345718383789
azure_bench_app_00000117_io_native,69.38345718383789
azure_bench_app_00000117_io_native,69.38345718383789
azure_bench_app_00000117_io_native,69.38345718383789
azure_bench_app_00000117_io_native,69.38345718383789
azure_bench_app_00000117_io_native,69.38345718383789
azure_bench_app_00000117_io_native,69.38345718383789
azure_bench_app_00000117_io_native,69.38345718383789
azure_bench_app_00000117_io_native,69.38345718383789
azure_bench_app_00000117_io_native,69.38345718383789
azure_bench_app_00000117_io_native,69.38345718383789
azure_bench_app_00000117_io_native,69.38345718383789
azure_bench_app_00000117_io_native,69.38345718383789
azure_bench_app_00000117_io_native,69.38345718383789
azure_bench_app_00000117_io_native,69.38345718383789
azure_bench_app_00000117_io_native,69.38345718383789
azure_bench_app_00000117_io_native,69.38345718383789
azure_bench_app_00000117_io_native,69.38345718383789
azure_bench_app_00000117_io_native,69.38345718383789
azure_bench_app_00000117_io_native,69.38345718383789
azure_bench_app_00000117_io_native,69.38345718383789
azure_bench_app_00000117_io_native,69.38345718383789
azure_bench_app_00000117_io_native,69.38345718383789
azure_bench_app_00000117_io_native,69.38345718383789
azure_bench_app_00000117_io_native,69.38345718383789
azure_bench_app_00000117_io_native,69.38345718383789
azure_bench_app_00000117_io_native,69.38345718383789
azure_bench_app_00000117_io_native,69.38345718383789
azure_bench_app_00000117_io_native,69.38345718383789
azure_bench_app_00000117_io_native,69.38345718383789
azure_bench_app_00000117_io_native,69.38345718383789
azure_bench_app_00000117_io_native,69.38345718383789
azure_bench_app_00000117_io_native,69.38345718383789
azure_bench_app_00000117_io_native,69.38345718383789
azure_bench_app_00000117_io_native,69.38345718383789
azure_bench_app_00000117_io_native,69.38345718383789
azure_bench_app_00000117_io_native,69.38345718383789
azure_bench_app_00000117_io_native,69.38345718383789
azure_bench_app_00000117_io_native,69.38345718383789
azure_bench_app_00000117_io_native,69.38345718383789
azure_bench_app_00000117_io_native,69.38345718383789
azure_bench_app_00000117_io_native,69.38345718383789
azure_bench_app_00000117_io_native,69.38345718383789
azure_bench_app_00000117_io_native,69.38345718383789
azure_bench_app_00000117_io_native,69.38345718383789
azure_bench_app_00000117_io_native,69.38345718383789
azure_bench_app_00000117_io_native,69.38345718383789
azure_bench_app_00000117_io_native,69.38345718383789
azure_bench_app_00000117_io_native,69.38345718383789
azure_bench_app_00000117_io_native,69.38345718383789
azure_bench_app_00000117_io_native,69.38345718383789
azure_bench_app_00000117_io_native,69.38345718383789
azure_bench_app_00000117_io_native,69.38345718383789
azure_bench_app_00000117_io_native,69.38345718383789
azure_bench_app_00000117_io_native,69.38345718383789
azure_bench_app_00000117_io_native,69.38345718383789
azure_bench_app_00000117_io_native,69.38345718383789
azure_bench_app_00000117_io_native,69.38345718383789
azure_bench_app_00000117_io_native,69.38345718383789
azure_bench_app_00000117_io_native,69.38345718383789
azure_bench_app_00000117_io_native,69.38345718383789
azure_bench_app_00000117_io_native,69.38345718383789
azure_bench_app_00000117_io_native,69.38345718383789
azure_bench_app_00000117_io_native,69.38345718383789
azure_bench_app_00000117_io_native,69.38345718383789
azure_bench_app_00000117_io_native,69.38345718383789
azure_bench_app_00000117_io_native,69.38345718383789
azure_bench_app_00000117_io_native,69.38345718383789
azure_bench_app_00000117_io_native,69.38345718383789
azure_bench_app_00000117_io_native,69.38345718383789
azure_bench_app_00000117_io_native,69.38345718383789
azure_bench_app_00000117_io_native,69.38345718383789
azure_bench_app_00000117_io_native,69.38345718383789
azure_bench_app_00000117_io_native,69.38345718383789
azure_bench_app_00000117_io_native,69.38345718383789
azure_bench_app_00000117_io_native,69.38345718383789
azure_bench_app_00000117_io_native,69.38345718383789
azure_bench_app_00000117_io_native,69.38345718383789
azure_bench_app_00000117_io_native,69.38345718383789
azure_bench_app_00000117_io_native,69.38345718383789
azure_bench_app_00000117_io_native,69.38345718383789
azure_bench_app_00000117_io_native,69.38345718383789
azure_bench_app_00000117_io_native,69.38345718383789
azure_bench_app_00000117_io_native,69.38345718383789
azure_bench_app_00000117_io_native,69.38345718383789
azure_bench_app_00000117_io_native,69.38345718383789
azure_bench_app_00000117_io_native,69.38345718383789
azure_bench_app_00000117_io_native,69.38345718383789
azure_bench_app_00000117_io_native,69.38345718383789
azure_bench_app_00000117_io_native,69.38345718383789
azure_bench_app_00000117_io_native,69.38345718383789
azure_bench_app_00000117_io_native,69.38345718383789
azure_bench_app_00000117_io_native,69.38345718383789
azure_bench_app_00000117_io_native,69.38345718383789
azure_bench_app_00000117_io_native,69.38345718383789
azure_bench_app_00000117_io_native,69.38345718383789
azure_bench_app_00000117_io_native,69.38345718383789
azure_bench_app_00000117_io_native,69.38345718383789
azure_bench_app_00000117_io_native,69.38345718383789
azure_bench_app_00000117_io_native,69.38345718383789
azure_bench_app_00000117_io_native,69.38345718383789
azure_bench_app_00000117_io_native,69.38345718383789
azure_bench_app_00000117_io_native,69.38345718383789
azure_bench_app_00000117_io_native,69.38345718383789
azure_bench_app_00000117_io_native,69.38345718383789
azure_bench_app_00000117_io_native,69.38345718383789
azure_bench_app_00000117_io_native,69.38345718383789
azure_bench_app_00000117_io_native,69.38345718383789
azure_bench_app_00000117_io_native,69.38345718383789
azure_bench_app_00000117_io_native,69.38345718383789
azure_bench_app_00000117_io_native,69.38345718383789
azure_bench_app_00000117_io_native,69.38345718383789
azure_bench_app_00000117_io_native,69.38345718383789
azure_bench_app_00000117_io_native,69.38345718383789
azure_bench_app_00000117_io_native,69.38345718383789
azure_bench_app_00000117_io_native,69.38345718383789
azure_bench_app_00000117_io_native,69.38345718383789
azure_bench_app_00000117_io_native,69.38345718383789
azure_bench_app_00000117_io_native,69.38345718383789
azure_bench_app_00000117_io_native,69.38345718383789
azure_bench_app_00000117_io_native,69.38345718383789
azure_bench_app_00000117_io_native,69.38345718383789
azure_bench_app_00000117_io_native,69.38345718383789
azure_bench_app_00000117_io_native,69.38345718383789
azure_bench_app_00000117_io_native,69.38345718383789
azure_bench_app_00000117_io_native,69.38345718383789
azure_bench_app_00000117_io_native,69.38345718383789
azure_bench_app_00000117_io_native,69.38345718383789
azure_bench_app_00000117_io_native,69.38345718383789
azure_bench_app_00000117_io_native,69.38345718383789
azure_bench_app_00000117_io_native,69.38345718383789
azure_bench_app_00000117_io_native,69.38345718383789
azure_bench_app_00000117_io_native,69.38345718383789
azure_bench_app_00000117_io_native,69.38345718383789
azure_bench_app_00000117_io_native,69.38345718383789
azure_bench_app_00000117_io_native,69.38345718383789
azure_bench_app_00000117_io_native,69.38345718383789
azure_bench_app_00000117_io_native,69.38345718383789
azure_bench_app_00000117_io_native,69.38345718383789
azure_bench_app_00000117_io_native,69.38345718383789
azure_bench_app_00000117_io_native,69.38345718383789
azure_bench_app_00000117_io_native,69.38345718383789
azure_bench_app_00000117_io_native,69.38345718383789
azure_bench_app_00000117_io_native,69.38345718383789
azure_bench_app_00000117_io_native,69.38345718383789
azure_bench_app_00000117_io_native,69.38345718383789
azure_bench_app_00000117_io_native,69.38345718383789
azure_bench_app_00000117_io_native,69.38345718383789
azure_bench_app_00000117_io_native,69.38345718383789
azure_bench_app_00000117_io_native,69.38345718383789
azure_bench_app_00000117_io_native,69.38345718383789
azure_bench_app_00000117_io_native,69.38345718383789
azure_bench_app_00000117_io_native,69.38345718383789
azure_bench_app_00000117_io_native,69.38345718383789
azure_bench_app_00000117_io_native,69.38345718383789
azure_bench_app_00000117_io_native,69.38345718383789
azure_bench_app_00000117_io_native,69.38345718383789
azure_bench_app_00000117_io_native,69.38345718383789
azure_bench_app_00000117_io_native,69.38345718383789
azure_bench_app_00000117_io_native,69.38345718383789
azure_bench_app_00000117_io_native,69.38345718383789
azure_bench_app_00000117_io_native,69.38345718383789
azure_bench_app_00000117_io_native,69.38345718383789
azure_bench_app_00000117_io_native,69.38345718383789
azure_bench_app_00000117_io_native,69.38345718383789
azure_bench_app_00000117_io_native,69.38345718383789
azure_bench_app_00000117_io_native,69.38345718383789
azure_bench_app_00000117_io_native,69.38345718383789
azure_bench_app_00000117_io_native,69.38345718383789
azure_bench_app_00000117_io_native,69.38345718383789
azure_bench_app_00000117_io_native,69.38345718383789
azure_bench_app_00000117_io_native,69.38345718383789
azure_bench_app_00000117_io_native,69.38345718383789
azure_bench_app_00000117_io_native,69.38345718383789
azure_bench_app_00000117_io_native,69.38345718383789
azure_bench_app_00000117_io_native,69.38345718383789
azure_bench_app_00000117_io_native,69.38345718383789
azure_bench_app_00000117_io_native,69.38345718383789
azure_bench_app_00000117_io_native,69.38345718383789
azure_bench_app_00000117_io_native,69.38345718383789
azure_bench_app_00000117_io_native,69.38345718383789
azure_bench_app_00000117_io_native,69.38345718383789
azure_bench_app_00000117_io_native,69.38345718383789
azure_bench_app_00000117_io_native,69.38345718383789
azure_bench_app_00000117_io_native,69.38345718383789
azure_bench_app_00000117_io_native,69.38345718383789
azure_bench_app_00000117_io_native,69.38345718383789
azure_bench_app_00000117_io_native,69.38345718383789
azure_bench_app_00000117_io_native,69.38345718383789
azure_bench_app_00000117_io_native,69.38345718383789
azure_bench_app_00000117_io_native,69.38345718383789
azure_bench_app_00000117_io_native,69.38345718383789
azure_bench_app_00000117_io_native,69.38345718383789
azure_bench_app_00000117_io_native,69.38345718383789
azure_bench_app_00000117_io_native,69.38345718383789
azure_bench_app_00000117_io_native,69.38345718383789
azure_bench_app_00000117_io_native,69.38345718383789
azure_bench_app_00000117_io_native,69.38345718383789
azure_bench_app_00000117_io_native,69.38345718383789
azure_bench_app_00000117_io_native,69.38345718383789
azure_bench_app_00000117_io_native,69.38345718383789
azure_bench_app_00000117_io_native,69.38345718383789
azure_bench_app_00000117_io_native,69.38345718383789
azure_bench_app_00000117_io_native,69.38345718383789
azure_bench_app_00000117_io_native,69.38345718383789
azure_bench_app_00000117_io_native,69.38345718383789
azure_bench_app_00000117_io_native,69.38345718383789
azure_bench_app_00000117_io_native,69.38345718383789
azure_bench_app_00000117_io_native,69.38345718383789
azure_bench_app_00000117_io_native,69.38345718383789
azure_bench_app_00000117_io_native,69.38345718383789
azure_bench_app_00000117_io_native,69.38345718383789
azure_bench_app_00000117_io_native,69.38345718383789
azure_bench_app_00000117_io_native,69.38345718383789
azure_bench_app_00000117_io_native,69.38345718383789
azure_bench_app_00000117_io_native,69.38345718383789
azure_bench_app_00000117_io_native,69.38345718383789
azure_bench_app_00000117_io_native,69.38345718383789
azure_bench_app_00000117_io_native,69.38345718383789
azure_bench_app_00000117_io_native,69.38345718383789
azure_bench_app_00000117_io_native,69.38345718383789
azure_bench_app_00000117_io_native,69.38345718383789
azure_bench_app_00000117_io_native,69.38345718383789
azure_bench_app_00000117_io_native,69.38345718383789
azure_bench_app_00000117_io_native,69.38345718383789
azure_bench_app_00000117_io_native,69.38345718383789
azure_bench_app_00000117_io_native,69.38345718383789
azure_bench_app_00000117_io_native,69.38345718383789
azure_bench_app_00000117_io_native,69.38345718383789
azure_bench_app_00000117_io_native,69.38345718383789
azure_bench_app_00000117_io_native,69.38345718383789
azure_bench_app_00000117_io_native,69.38345718383789
azure_bench_app_00000117_io_native,69.38345718383789
azure_bench_app_00000117_io_native,69.38345718383789
azure_bench_app_00000117_io_native,69.38345718383789
azure_bench_app_00000117_io_native,69.38345718383789
azure_bench_app_00000117_io_native,69.38345718383789
azure_bench_app_00000117_io_native,69.38345718383789
azure_bench_app_00000117_io_native,69.38345718383789
azure_bench_app_00000117_io_native,69.38345718383789
azure_bench_app_00000117_io_native,69.38345718383789
azure_bench_app_00000117_io_native,69.38345718383789
azure_bench_app_00000117_io_native,69.38345718383789
azure_bench_app_00000117_io_native,69.38345718383789
azure_bench_app_00000117_io_native,69.38345718383789
azure_bench_app_00000117_io_native,69.38345718383789
azure_bench_app_00000117_io_native,69.38345718383789
azure_bench_app_00000117_io_native,69.38345718383789
azure_bench_app_00000117_io_native,69.38345718383789
azure_bench_app_00000117_io_native,69.38345718383789
azure_bench_app_00000117_io_native,69.38345718383789
azure_bench_app_00000117_io_native,69.38345718383789
